ID,Year,Date,Time,lat,lon,elevation,City,Region,Country
IPhone_Fuerteventura_2025-02-27_12-10-27.jpeg,2025,2025-02-27,12:10:27,28.3379,-13.8675472222222,653.49,,,Spain
IPhone_Fuerteventura_2025-02-27_12-10-48.jpeg,2025,2025-02-27,12:10:48,28.3517388888889,-13.8671111111111,559.52,Antigua,,Spain
IPhone_Fuerteventura_2025-02-27_12-11-02.jpeg,2025,2025-02-27,12:11:02,28.3603944444444,-13.8668222222222,510.54,Antigua,,Spain
IPhone_Fuerteventura_2025-02-27_12-12-04.jpeg,2025,2025-02-27,12:12:04,28.3634777777778,-13.8667111111111,494.01,Antigua,,Spain
IPhone_Fuerteventura_2025-02-27_18-23-24.jpeg,2025,2025-02-27,18:23:24,28.7311111111111,-13.8629111111111,6.56,Corralejo Playa,,Spain
IPhone_Fuerteventura_2025-02-27_18-23-30.jpeg,2025,2025-02-27,18:23:30,28.7311,-13.8633194444444,6.72,Corralejo,,Spain
IPhone_Fuerteventura_2025-02-27_18-23-59.jpeg,2025,2025-02-27,18:23:59,28.7313583333333,-13.8635944444444,6.76,Corralejo,,Spain
IPhone_Fuerteventura_2025-02-27_18-46-08.jpeg,2025,2025-02-27,18:46:08,28.7413222222222,-13.8636388888889,2.39,Corralejo,,Spain
IPhone_Fuerteventura_2025-02-27_18-49-41.jpeg,2025,2025-02-27,18:49:41,28.7403888888889,-13.8607722222222,2.0,Corralejo,,Spain
IPhone_Fuerteventura_2025-02-27_18-53-11.jpeg,2025,2025-02-27,18:53:11,28.7403833333333,-13.8607527777778,3.19,Corralejo,,Spain
IPhone_Fuerteventura_2025-02-28_11-22-38.jpeg,2025,2025-02-28,11:22:38,28.7265222222222,-13.8511888888889,4.79,Corralejo Playa,,Spain
IPhone_Fuerteventura_2025-02-28_11-39-18.jpeg,2025,2025-02-28,11:39:18,28.7266222222222,-13.8431027777778,1.6,La Oliva,,Spain
IPhone_Fuerteventura_2025-02-28_11-39-21.jpeg,2025,2025-02-28,11:39:21,28.7266222222222,-13.8430944444444,1.81,La Oliva,,Spain
IPhone_Fuerteventura_2025-02-28_11-39-37.jpeg,2025,2025-02-28,11:39:37,28.7265638888889,-13.8430416666667,2.29,La Oliva,,Spain
IPhone_Fuerteventura_2025-02-28_11-40-07.jpeg,2025,2025-02-28,11:40:07,28.7263694444444,-13.8427777777778,2.5,La Oliva,,Spain
IPhone_Fuerteventura_2025-02-28_11-40-44.jpeg,2025,2025-02-28,11:40:44,28.7260888888889,-13.8425277777778,3.15,La Oliva,,Spain
IPhone_Fuerteventura_2025-02-28_11-54-56.jpeg,2025,2025-02-28,11:54:56,28.7247194444444,-13.8422083333333,2.87,La Oliva,,Spain
IPhone_Fuerteventura_2025-02-28_11-55-13.jpeg,2025,2025-02-28,11:55:13,28.7247194444444,-13.8422111111111,2.86,La Oliva,,Spain
IPhone_Fuerteventura_2025-02-28_11-56-35.jpeg,2025,2025-02-28,11:56:35,28.7246472222222,-13.8421361111111,2.2,La Oliva,,Spain
IPhone_Fuerteventura_2025-02-28_11-57-49.jpeg,2025,2025-02-28,11:57:49,28.724675,-13.8421305555556,3.37,La Oliva,,Spain
IPhone_Fuerteventura_2025-02-28_12-00-57.jpeg,2025,2025-02-28,12:00:57,28.7221805555556,-13.8420694444444,0.04,La Oliva,,Spain
IPhone_Fuerteventura_2025-02-28_12-02-08.jpeg,2025,2025-02-28,12:02:08,28.7217111111111,-13.8418805555556,2.95,La Oliva,,Spain
IPhone_Fuerteventura_2025-02-28_12-02-45.jpeg,2025,2025-02-28,12:02:45,28.7214027777778,-13.8419222222222,2.66,La Oliva,,Spain
IPhone_Fuerteventura_2025-02-28_12-37-17.jpeg,2025,2025-02-28,12:37:17,28.7179527777778,-13.8397583333333,4.26,La Oliva,,Spain
IPhone_Fuerteventura_2025-02-28_12-40-58.jpeg,2025,2025-02-28,12:40:58,28.7159777777778,-13.838825,2.87,La Oliva,,Spain
IPhone_Fuerteventura_2025-02-28_12-41-15.jpeg,2025,2025-02-28,12:41:15,28.7160166666667,-13.8388194444444,2.36,La Oliva,,Spain
IPhone_Fuerteventura_2025-02-28_12-45-07.jpeg,2025,2025-02-28,12:45:07,28.7135444444444,-13.8382472222222,6.66,La Oliva,,Spain
IPhone_Fuerteventura_2025-02-28_12-53-01.jpeg,2025,2025-02-28,12:53:01,28.7110805555556,-13.8385472222222,3.97,La Oliva,,Spain
IPhone_Fuerteventura_2025-02-28_13-01-05.jpeg,2025,2025-02-28,13:01:05,28.7107222222222,-13.83835,2.77,La Oliva,,Spain
IPhone_Fuerteventura_2025-02-28_13-01-10.jpeg,2025,2025-02-28,13:01:10,28.7107222222222,-13.8383472222222,2.61,La Oliva,,Spain
IPhone_Fuerteventura_2025-02-28_13-04-17.jpeg,2025,2025-02-28,13:04:17,28.7107944444444,-13.8383666666667,9.05,La Oliva,,Spain
IPhone_Fuerteventura_2025-02-28_13-04-20.jpeg,2025,2025-02-28,13:04:20,28.7107861111111,-13.8383694444444,9.09,La Oliva,,Spain
IPhone_Fuerteventura_2025-02-28_13-05-36.jpeg,2025,2025-02-28,13:05:36,28.7108555555556,-13.8383944444444,10.18,La Oliva,,Spain
IPhone_Fuerteventura_2025-02-28_13-11-39.jpeg,2025,2025-02-28,13:11:39,28.7108416666667,-13.8383861111111,10.17,La Oliva,,Spain
IPhone_Fuerteventura_2025-02-28_13-11-41.jpeg,2025,2025-02-28,13:11:41,28.7108388888889,-13.8383861111111,10.24,La Oliva,,Spain
IPhone_Fuerteventura_2025-02-28_13-17-31.jpeg,2025,2025-02-28,13:17:31,28.7108388888889,-13.8381888888889,2.49,La Oliva,,Spain
IPhone_Fuerteventura_2025-02-28_13-17-55.jpeg,2025,2025-02-28,13:17:55,28.7105722222222,-13.8382611111111,2.41,La Oliva,,Spain
IPhone_Fuerteventura_2025-02-28_13-17-57.jpeg,2025,2025-02-28,13:17:57,28.7105583333333,-13.8382722222222,2.39,La Oliva,,Spain
IPhone_Fuerteventura_2025-02-28_13-18-18.jpeg,2025,2025-02-28,13:18:18,28.7103777777778,-13.8382388888889,3.2,La Oliva,,Spain
IPhone_Fuerteventura_2025-02-28_13-18-30.jpeg,2025,2025-02-28,13:18:30,28.7103055555556,-13.8382277777778,2.19,La Oliva,,Spain
IPhone_Fuerteventura_2025-02-28_13-18-32.jpeg,2025,2025-02-28,13:18:32,28.7103055555556,-13.8382305555556,2.28,La Oliva,,Spain
IPhone_Fuerteventura_2025-02-28_13-18-48.jpeg,2025,2025-02-28,13:18:48,28.7102916666667,-13.8382194444444,1.84,La Oliva,,Spain
IPhone_Fuerteventura_2025-02-28_13-18-53.jpeg,2025,2025-02-28,13:18:53,28.7102861111111,-13.8382194444444,2.86,,,
IPhone_Fuerteventura_2025-02-28_13-19-02.jpeg,2025,2025-02-28,13:19:02,28.7102555555556,-13.838225,3.99,La Oliva,,Spain
IPhone_Fuerteventura_2025-02-28_13-41-51.jpeg,2025,2025-02-28,13:41:51,28.7010472222222,-13.8360305555556,0.12,La Oliva,,Spain
IPhone_Fuerteventura_2025-02-28_13-41-54.jpeg,2025,2025-02-28,13:41:54,28.70105,-13.8360222222222,3.06,La Oliva,,Spain
IPhone_Fuerteventura_2025-02-28_13-43-13.jpeg,2025,2025-02-28,13:43:13,28.7010222222222,-13.8359611111111,3.59,La Oliva,,Spain
IPhone_Fuerteventura_2025-02-28_13-43-30.jpeg,2025,2025-02-28,13:43:30,28.70105,-13.8359722222222,6.11,La Oliva,,Spain
IPhone_Fuerteventura_2025-02-28_13-43-49.jpeg,2025,2025-02-28,13:43:49,28.7010611111111,-13.8359611111111,5.23,La Oliva,,Spain
IPhone_Fuerteventura_2025-02-28_13-44-17.jpeg,2025,2025-02-28,13:44:17,28.7010527777778,-13.8359555555556,6.59,La Oliva,,Spain
IPhone_Fuerteventura_2025-02-28_13-44-48.jpeg,2025,2025-02-28,13:44:48,28.7010666666667,-13.8359472222222,5.65,La Oliva,,Spain
IPhone_Fuerteventura_2025-02-28_13-44-54.jpeg,2025,2025-02-28,13:44:54,28.7010527777778,-13.8359472222222,5.86,La Oliva,,Spain
IPhone_Fuerteventura_2025-02-28_14-34-32.jpeg,2025,2025-02-28,14:34:32,28.7166527777778,-13.8390555555556,4.03,La Oliva,,Spain
IPhone_Fuerteventura_2025-02-28_14-55-00.jpeg,2025,2025-02-28,14:55:00,28.7225027777778,-13.8421527777778,1.43,La Oliva,,Spain
IPhone_Fuerteventura_2025-02-28_14-55-13.jpeg,2025,2025-02-28,14:55:13,28.7226222222222,-13.8422083333333,1.48,La Oliva,,Spain
IPhone_Fuerteventura_2025-02-28_14-55-56.jpeg,2025,2025-02-28,14:55:56,28.7230555555556,-13.8422527777778,4.12,La Oliva,,Spain
IPhone_Fuerteventura_2025-02-28_14-56-45.jpeg,2025,2025-02-28,14:56:45,28.7234833333333,-13.8422388888889,4.92,La Oliva,,Spain
IPhone_Fuerteventura_2025-02-28_14-57-00.jpeg,2025,2025-02-28,14:57:00,28.7235833333333,-13.8422194444444,4.11,La Oliva,,Spain
IPhone_Fuerteventura_2025-02-28_14-57-01.jpeg,2025,2025-02-28,14:57:01,28.7235944444444,-13.8422166666667,4.16,La Oliva,,Spain
IPhone_Fuerteventura_2025-02-28_14-58-04.jpeg,2025,2025-02-28,14:58:04,28.7241277777778,-13.8421527777778,4.09,La Oliva,,Spain
IPhone_Fuerteventura_2025-02-28_15-31-42.jpeg,2025,2025-02-28,15:31:42,28.7318416666667,-13.8581777777778,2.84,Corralejo Playa,,Spain
IPhone_Fuerteventura_2025-02-28_15-52-12.jpeg,2025,2025-02-28,15:52:12,28.7315833333333,-13.8594972222222,3.2,Corralejo,,Spain
IPhone_Fuerteventura_2025-02-28_19-05-15.jpeg,2025,2025-02-28,19:05:15,28.7306944444444,-13.8609888888889,4.07,Corralejo Playa,,Spain
IPhone_Fuerteventura_2025-02-28_20-11-33.jpeg,2025,2025-02-28,20:11:33,28.7391722222222,-13.8672694444444,6.28,Corralejo,,Spain
IPhone_Fuerteventura_2025-03-01_10-18-39.jpeg,2025,2025-03-01,10:18:39,28.7312138888889,-13.8599055555556,7.82,Corralejo,,Spain
IPhone_Fuerteventura_2025-03-01_10-58-21.jpeg,2025,2025-03-01,10:58:21,28.7415527777778,-13.8647777777778,2.38,Corralejo,,Spain
IPhone_Fuerteventura_2025-03-01_10-58-22.jpeg,2025,2025-03-01,10:58:22,28.7415527777778,-13.864775,2.22,Corralejo,,Spain
IPhone_Fuerteventura_2025-03-01_11-23-18.jpeg,2025,2025-03-01,11:23:18,28.7391694444444,-13.8610944444444,1.14,Corralejo,,Spain
IPhone_Fuerteventura_2025-03-01_11-23-31.jpeg,2025,2025-03-01,11:23:31,28.7391083333333,-13.8604277777778,1.67,Corralejo,,Spain
IPhone_Fuerteventura_2025-03-01_11-24-20.jpeg,2025,2025-03-01,11:24:20,28.739075,-13.8582555555556,1.71,Corralejo,,Spain
IPhone_Fuerteventura_2025-03-01_11-24-33.jpeg,2025,2025-03-01,11:24:33,28.7391277777778,-13.857925,1.25,Corralejo,,Spain
IPhone_Fuerteventura_2025-03-01_11-25-32.jpeg,2025,2025-03-01,11:25:32,28.738725,-13.8552944444444,2.3,Corralejo,,Spain
IPhone_Fuerteventura_2025-03-01_11-26-30.jpeg,2025,2025-03-01,11:26:30,28.738425,-13.8528388888889,1.57,Corralejo Playa,,Spain
IPhone_Fuerteventura_2025-03-01_11-51-36.jpeg,2025,2025-03-01,11:51:36,28.7376638888889,-13.8184194444444,5.93,Corralejo Playa,,Spain
IPhone_Fuerteventura_2025-03-01_11-57-23.jpeg,2025,2025-03-01,11:57:23,28.7393861111111,-13.8223277777778,5.4,Corralejo Playa,,Spain
IPhone_Fuerteventura_2025-03-01_12-06-44.jpeg,2025,2025-03-01,12:06:44,28.7446916666667,-13.8263388888889,2.2,Corralejo Playa,,Spain
IPhone_Fuerteventura_2025-03-01_12-06-56.jpeg,2025,2025-03-01,12:06:56,28.7448361111111,-13.82635,3.95,Corralejo Playa,,Spain
IPhone_Fuerteventura_2025-03-01_12-20-33.jpeg,2025,2025-03-01,12:20:33,28.7509055555556,-13.8249444444444,15.25,Corralejo Playa,,Spain
IPhone_Fuerteventura_2025-03-01_12-27-49.jpeg,2025,2025-03-01,12:27:49,28.7528972222222,-13.827625,32.15,Corralejo Playa,,Spain
IPhone_Fuerteventura_2025-03-01_12-29-29.jpeg,2025,2025-03-01,12:29:29,28.7525388888889,-13.8289194444444,65.8,Corralejo Playa,,Spain
IPhone_Fuerteventura_2025-03-01_12-30-28.jpeg,2025,2025-03-01,12:30:28,28.7524472222222,-13.8292638888889,98.66,Corralejo Playa,,Spain
IPhone_Fuerteventura_2025-03-01_12-34-11.jpeg,2025,2025-03-01,12:34:11,28.7520222222222,-13.8301694444444,116.14,Corralejo Playa,,Spain
IPhone_Fuerteventura_2025-03-01_12-34-19.jpeg,2025,2025-03-01,12:34:19,28.7520277777778,-13.8301722222222,116.42,Corralejo Playa,,Spain
IPhone_Fuerteventura_2025-03-01_12-34-24.jpeg,2025,2025-03-01,12:34:24,28.7520333333333,-13.830175,117.17,Corralejo Playa,,Spain
IPhone_Fuerteventura_2025-03-01_12-34-34.jpeg,2025,2025-03-01,12:34:34,28.752025,-13.8301805555556,122.26,Corralejo Playa,,Spain
IPhone_Fuerteventura_2025-03-01_12-35-15.jpeg,2025,2025-03-01,12:35:15,28.7518111111111,-13.8303222222222,119.4,,,
IPhone_Fuerteventura_2025-03-01_12-35-27.jpeg,2025,2025-03-01,12:35:27,28.7517694444444,-13.8304027777778,116.24,Corralejo Playa,,Spain
IPhone_Fuerteventura_2025-03-01_12-37-51.jpeg,2025,2025-03-01,12:37:51,28.7518111111111,-13.830375,124.12,Corralejo Playa,,Spain
IPhone_Fuerteventura_2025-03-01_12-37-54.jpeg,2025,2025-03-01,12:37:54,28.7518111111111,-13.8303666666667,124.04,Corralejo Playa,,Spain
IPhone_Fuerteventura_2025-03-01_12-38-09.jpeg,2025,2025-03-01,12:38:09,28.7518194444444,-13.8303777777778,123.84,Corralejo Playa,,Spain
IPhone_Fuerteventura_2025-03-01_12-38-12.jpeg,2025,2025-03-01,12:38:12,28.7518138888889,-13.8303694444444,123.91,Corralejo Playa,,Spain
IPhone_Fuerteventura_2025-03-01_12-38-25.jpeg,2025,2025-03-01,12:38:25,28.7518138888889,-13.8303722222222,123.44,Corralejo Playa,,Spain
IPhone_Fuerteventura_2025-03-01_12-40-09.jpeg,2025,2025-03-01,12:40:09,28.7518027777778,-13.8303722222222,121.6,Corralejo Playa,,Spain
IPhone_Fuerteventura_2025-03-01_12-40-42.jpeg,2025,2025-03-01,12:40:42,28.7517527777778,-13.8303361111111,123.08,Corralejo Playa,,Spain
IPhone_Fuerteventura_2025-03-01_12-42-46.jpeg,2025,2025-03-01,12:42:46,28.7518111111111,-13.8303555555556,118.0,Corralejo Playa,,Spain
IPhone_Fuerteventura_2025-03-01_12-42-59.jpeg,2025,2025-03-01,12:42:59,28.7518138888889,-13.8303555555556,118.36,Corralejo Playa,,Spain
IPhone_Fuerteventura_2025-03-01_12-43-35.jpeg,2025,2025-03-01,12:43:35,28.7518972222222,-13.8302777777778,118.03,Corralejo Playa,,Spain
IPhone_Fuerteventura_2025-03-01_12-43-40.jpeg,2025,2025-03-01,12:43:40,28.7519111111111,-13.8302666666667,118.61,Corralejo Playa,,Spain
IPhone_Fuerteventura_2025-03-01_12-44-03.jpeg,2025,2025-03-01,12:44:03,28.7519527777778,-13.8300444444444,113.46,Corralejo Playa,,Spain
IPhone_Fuerteventura_2025-03-01_12-44-08.jpeg,2025,2025-03-01,12:44:08,28.7520416666667,-13.8301416666667,115.67,Corralejo Playa,,Spain
IPhone_Fuerteventura_2025-03-01_12-49-32.jpeg,2025,2025-03-01,12:49:32,28.7525083333333,-13.8289027777778,76.52,Corralejo Playa,,Spain
IPhone_Fuerteventura_2025-03-01_13-05-19.jpeg,2025,2025-03-01,13:05:19,28.7504611111111,-13.8229138888889,11.45,Corralejo Playa,,Spain
IPhone_Fuerteventura_2025-03-01_13-11-23.jpeg,2025,2025-03-01,13:11:23,28.74775,-13.8258166666667,11.3,Corralejo Playa,,Spain
IPhone_Fuerteventura_2025-03-01_13-24-41.jpeg,2025,2025-03-01,13:24:41,28.7421305555556,-13.8264916666667,1.91,Corralejo Playa,,Spain
IPhone_Fuerteventura_2025-03-01_13-24-44.jpeg,2025,2025-03-01,13:24:44,28.7421388888889,-13.8264972222222,2.86,Corralejo Playa,,Spain
IPhone_Fuerteventura_2025-03-01_13-27-49.jpeg,2025,2025-03-01,13:27:49,28.7409611111111,-13.8279583333333,2.71,Corralejo Playa,,Spain
IPhone_Fuerteventura_2025-03-01_13-29-19.jpeg,2025,2025-03-01,13:29:19,28.7404638888889,-13.8277527777778,3.86,Corralejo Playa,,Spain
IPhone_Fuerteventura_2025-03-01_13-29-36.jpeg,2025,2025-03-01,13:29:36,28.7404111111111,-13.8277666666667,3.73,Corralejo Playa,,Spain
IPhone_Fuerteventura_2025-03-01_13-29-59.jpeg,2025,2025-03-01,13:29:59,28.7404277777778,-13.8277555555556,4.14,Corralejo Playa,,Spain
IPhone_Fuerteventura_2025-03-01_13-31-43.jpeg,2025,2025-03-01,13:31:43,28.7405777777778,-13.8278638888889,1.8,Corralejo Playa,,Spain
IPhone_Fuerteventura_2025-03-01_13-31-44.jpeg,2025,2025-03-01,13:31:44,28.7410333333333,-13.8279083333333,0.83,Corralejo Playa,,Spain
IPhone_Fuerteventura_2025-03-01_13-37-12.jpeg,2025,2025-03-01,13:37:12,28.7422277777778,-13.8257861111111,8.29,Corralejo Playa,,Spain
IPhone_Fuerteventura_2025-03-01_14-03-09.jpeg,2025,2025-03-01,14:03:09,28.7381444444444,-13.8178194444444,4.9,Corralejo Playa,,Spain
IPhone_Fuerteventura_2025-03-01_14-04-48.jpeg,2025,2025-03-01,14:04:48,28.737825,-13.8177861111111,3.11,Corralejo Playa,,Spain
IPhone_Fuerteventura_2025-03-01_14-05-44.jpeg,2025,2025-03-01,14:05:44,28.7377861111111,-13.8177583333333,2.52,Corralejo Playa,,Spain
IPhone_Fuerteventura_2025-03-01_14-05-55.jpeg,2025,2025-03-01,14:05:55,28.7377055555556,-13.8177111111111,2.77,,,
IPhone_Fuerteventura_2025-03-01_14-05-57.jpeg,2025,2025-03-01,14:05:57,28.7377083333333,-13.8177111111111,2.78,Corralejo Playa,,Spain
IPhone_Fuerteventura_2025-03-01_14-06-07.jpeg,2025,2025-03-01,14:06:07,28.7376805555556,-13.8177111111111,2.75,Corralejo Playa,,Spain
IPhone_Fuerteventura_2025-03-01_14-06-26.jpeg,2025,2025-03-01,14:06:26,28.7377027777778,-13.8177861111111,5.35,Corralejo Playa,,Spain
IPhone_Fuerteventura_2025-03-01_14-10-04.jpeg,2025,2025-03-01,14:10:04,28.7377777777778,-13.8180694444444,3.93,Corralejo Playa,,Spain
IPhone_Fuerteventura_2025-03-01_14-10-12.jpeg,2025,2025-03-01,14:10:12,28.7377611111111,-13.8181027777778,4.27,Corralejo Playa,,Spain
IPhone_Fuerteventura_2025-03-01_14-11-22.jpeg,2025,2025-03-01,14:11:22,28.7377472222222,-13.8180694444444,3.03,Corralejo Playa,,Spain
IPhone_Fuerteventura_2025-03-01_14-11-36.jpeg,2025,2025-03-01,14:11:36,28.7377333333333,-13.8180472222222,3.43,Corralejo Playa,,Spain
IPhone_Fuerteventura_2025-03-01_14-39-00.jpeg,2025,2025-03-01,14:39:00,28.7376972222222,-13.8179972222222,5.43,Corralejo Playa,,Spain
IPhone_Fuerteventura_2025-03-01_14-39-06.jpeg,2025,2025-03-01,14:39:06,28.7377305555556,-13.8180527777778,3.38,Corralejo Playa,,Spain
IPhone_Fuerteventura_2025-03-01_14-39-08.jpeg,2025,2025-03-01,14:39:08,28.7377166666667,-13.8181111111111,3.5,Corralejo Playa,,Spain
IPhone_Fuerteventura_2025-03-01_15-12-59.jpeg,2025,2025-03-01,15:12:59,28.7376888888889,-13.8179694444444,3.3,Corralejo Playa,,Spain
IPhone_Fuerteventura_2025-03-01_15-14-59.jpeg,2025,2025-03-01,15:14:59,28.7377,-13.8179972222222,5.54,,,
IPhone_Fuerteventura_2025-03-01_15-15-04.jpeg,2025,2025-03-01,15:15:04,28.7378138888889,-13.818,3.24,Corralejo Playa,,Spain
IPhone_Fuerteventura_2025-03-01_15-15-16.jpeg,2025,2025-03-01,15:15:16,28.7377305555556,-13.8180361111111,3.88,Corralejo Playa,,Spain
IPhone_Fuerteventura_2025-03-01_15-32-14.jpeg,2025,2025-03-01,15:32:14,28.7377361111111,-13.81795,6.6,Corralejo Playa,,Spain
IPhone_Fuerteventura_2025-03-01_15-32-16.jpeg,2025,2025-03-01,15:32:16,28.7378305555556,-13.8179555555556,3.07,Corralejo Playa,,Spain
IPhone_Fuerteventura_2025-03-01_15-34-19.jpeg,2025,2025-03-01,15:34:19,28.7377,-13.8179944444444,5.54,Corralejo Playa,,Spain
IPhone_Fuerteventura_2025-03-01_15-34-21.jpeg,2025,2025-03-01,15:34:21,28.7377472222222,-13.8179861111111,11.84,Corralejo Playa,,Spain
IPhone_Fuerteventura_2025-03-01_15-37-34.jpeg,2025,2025-03-01,15:37:34,28.7377222222222,-13.8179,4.3,Corralejo Playa,,Spain
IPhone_Fuerteventura_2025-03-01_15-37-37.jpeg,2025,2025-03-01,15:37:37,28.7377111111111,-13.8178888888889,3.72,Corralejo Playa,,Spain
IPhone_Fuerteventura_2025-03-01_15-38-02.jpeg,2025,2025-03-01,15:38:02,28.7377194444444,-13.8178166666667,5.5,,,
IPhone_Fuerteventura_2025-03-01_15-38-17.jpeg,2025,2025-03-01,15:38:17,28.737625,-13.8177833333333,3.55,Corralejo Playa,,Spain
IPhone_Fuerteventura_2025-03-01_15-38-30.jpeg,2025,2025-03-01,15:38:30,28.7376222222222,-13.8177527777778,3.61,Corralejo Playa,,Spain
IPhone_Fuerteventura_2025-03-01_15-38-52.jpeg,2025,2025-03-01,15:38:52,28.7376805555556,-13.8177444444444,2.99,Corralejo Playa,,Spain
IPhone_Fuerteventura_2025-03-01_15-39-05.jpeg,2025,2025-03-01,15:39:05,28.7375472222222,-13.8177611111111,18.75,Corralejo Playa,,Spain
IPhone_Fuerteventura_2025-03-01_15-39-12.jpeg,2025,2025-03-01,15:39:12,28.7375861111111,-13.8177527777778,2.71,Corralejo Playa,,Spain
IPhone_Fuerteventura_2025-03-01_15-42-08.jpeg,2025,2025-03-01,15:42:08,28.7386194444444,-13.8174361111111,1.61,Corralejo Playa,,Spain
IPhone_Fuerteventura_2025-03-01_15-42-15.jpeg,2025,2025-03-01,15:42:15,28.7385583333333,-13.8174555555556,6.54,Corralejo Playa,,Spain
IPhone_Fuerteventura_2025-03-01_15-42-18.jpeg,2025,2025-03-01,15:42:18,28.7385527777778,-13.8174527777778,7.22,Corralejo Playa,,Spain
IPhone_Fuerteventura_2025-03-01_15-42-44.jpeg,2025,2025-03-01,15:42:44,28.7385722222222,-13.8174138888889,15.3,Corralejo Playa,,Spain
IPhone_Fuerteventura_2025-03-01_15-42-47.jpeg,2025,2025-03-01,15:42:47,28.738575,-13.8174111111111,14.68,Corralejo Playa,,Spain
IPhone_Fuerteventura_2025-03-01_15-43-02.jpeg,2025,2025-03-01,15:43:02,28.7385861111111,-13.8174166666667,13.98,Corralejo Playa,,Spain
IPhone_Fuerteventura_2025-03-01_15-43-05.jpeg,2025,2025-03-01,15:43:05,28.7385888888889,-13.8174111111111,13.74,Corralejo Playa,,Spain
IPhone_Fuerteventura_2025-03-01_15-43-09.jpeg,2025,2025-03-01,15:43:09,28.7385722222222,-13.8174166666667,13.58,Corralejo Playa,,Spain
IPhone_Fuerteventura_2025-03-01_15-43-14.jpeg,2025,2025-03-01,15:43:14,28.7385722222222,-13.8174083333333,13.42,Corralejo Playa,,Spain
IPhone_Fuerteventura_2025-03-01_19-59-41.jpeg,2025,2025-03-01,19:59:41,28.7313416666667,-13.8601111111111,2.99,Corralejo,,Spain
IPhone_Fuerteventura_2025-03-01_20-00-12.jpeg,2025,2025-03-01,20:00:12,28.7313416666667,-13.8601111111111,2.99,Corralejo,,Spain
IPhone_Fuerteventura_2025-03-01_20-00-38.jpeg,2025,2025-03-01,20:00:38,28.7313416666667,-13.8601111111111,2.99,Corralejo,,Spain
IPhone_Fuerteventura_2025-03-02_10-52-44.jpeg,2025,2025-03-02,10:52:44,28.7312277777778,-13.8592972222222,4.83,Corralejo Playa,,Spain
IPhone_Fuerteventura_2025-03-02_10-54-07.jpeg,2025,2025-03-02,10:54:07,28.7306361111111,-13.8599722222222,5.46,Corralejo Playa,,Spain
IPhone_Fuerteventura_2025-03-02_11-12-02.jpeg,2025,2025-03-02,11:12:02,28.7288916666667,-13.8649305555556,14.86,Corralejo Playa,,Spain
IPhone_Fuerteventura_2025-03-02_11-12-16.jpeg,2025,2025-03-02,11:12:16,28.728875,-13.8649194444444,14.78,Corralejo Playa,,Spain
IPhone_Fuerteventura_2025-03-02_11-12-24.jpeg,2025,2025-03-02,11:12:24,28.7290361111111,-13.865375,13.79,Corralejo Playa,,Spain
IPhone_Fuerteventura_2025-03-02_11-13-39.jpeg,2025,2025-03-02,11:13:39,28.7286805555556,-13.8645416666667,14.9,Corralejo Playa,,Spain
IPhone_Fuerteventura_2025-03-02_11-13-42.jpeg,2025,2025-03-02,11:13:42,28.7289194444444,-13.8649055555556,24.86,Corralejo Playa,,Spain
IPhone_Fuerteventura_2025-03-02_11-13-50.jpeg,2025,2025-03-02,11:13:50,28.7287138888889,-13.8647222222222,14.76,Corralejo Playa,,Spain
IPhone_Fuerteventura_2025-03-02_11-27-51.jpeg,2025,2025-03-02,11:27:51,28.7290361111111,-13.8649222222222,13.9,Corralejo Playa,,Spain
IPhone_Fuerteventura_2025-03-02_15-15-54.jpeg,2025,2025-03-02,15:15:54,28.6808888888889,-14.0105472222222,15.91,El Cotillo,,Spain
IPhone_Fuerteventura_2025-03-02_15-31-57.jpeg,2025,2025-03-02,15:31:57,28.6827861111111,-14.0128055555556,9.91,El Cotillo,,Spain
IPhone_Fuerteventura_2025-03-02_15-32-05.jpeg,2025,2025-03-02,15:32:05,28.6827888888889,-14.0128972222222,8.27,El Cotillo,,Spain
IPhone_Fuerteventura_2025-03-02_15-33-06.jpeg,2025,2025-03-02,15:33:06,28.6829666666667,-14.0130388888889,10.0,El Cotillo,,Spain
IPhone_Fuerteventura_2025-03-02_15-33-15.jpeg,2025,2025-03-02,15:33:15,28.682975,-14.0130666666667,16.57,El Cotillo,,Spain
IPhone_Fuerteventura_2025-03-02_15-33-21.jpeg,2025,2025-03-02,15:33:21,28.6829805555556,-14.0130888888889,18.52,El Cotillo,,Spain
IPhone_Fuerteventura_2025-03-02_15-33-41.jpeg,2025,2025-03-02,15:33:41,28.682975,-14.0131111111111,16.85,El Cotillo,,Spain
IPhone_Fuerteventura_2025-03-02_15-34-12.jpeg,2025,2025-03-02,15:34:12,28.6835472222222,-14.0120972222222,18.89,El Cotillo,,Spain
IPhone_Fuerteventura_2025-03-02_15-34-18.jpeg,2025,2025-03-02,15:34:18,28.6835361111111,-14.0121277777778,18.89,El Cotillo,,Spain
IPhone_Fuerteventura_2025-03-02_15-34-45.jpeg,2025,2025-03-02,15:34:45,28.683325,-14.0122444444444,18.89,El Cotillo,,Spain
IPhone_Fuerteventura_2025-03-02_15-45-14.jpeg,2025,2025-03-02,15:45:14,28.6841555555556,-14.0120166666667,9.44,El Cotillo,,Spain
IPhone_Fuerteventura_2025-03-02_16-51-09.jpeg,2025,2025-03-02,16:51:09,28.6846444444444,-14.0123138888889,8.42,El Cotillo,,Spain
IPhone_Fuerteventura_2025-03-02_17-00-39.jpeg,2025,2025-03-02,17:00:39,28.6857861111111,-14.0137333333333,3.44,El Cotillo,,Spain
IPhone_Fuerteventura_2025-03-02_17-02-22.jpeg,2025,2025-03-02,17:02:22,28.6862972222222,-14.0140166666667,4.25,El Cotillo,,Spain
IPhone_Fuerteventura_2025-03-02_17-16-57.jpeg,2025,2025-03-02,17:16:57,28.6840444444444,-14.0113666666667,8.54,El Cotillo,,Spain
IPhone_Fuerteventura_2025-03-02_17-23-00.jpeg,2025,2025-03-02,17:23:00,28.6831361111111,-14.0117472222222,8.04,El Cotillo,,Spain
IPhone_Fuerteventura_2025-03-02_17-32-17.jpeg,2025,2025-03-02,17:32:17,28.6790083333333,-14.009975,28.13,El Cotillo,,Spain
IPhone_Fuerteventura_2025-03-02_17-32-28.jpeg,2025,2025-03-02,17:32:28,28.6790861111111,-14.0099972222222,14.47,El Cotillo,,Spain
IPhone_Fuerteventura_2025-03-02_17-34-05.jpeg,2025,2025-03-02,17:34:05,28.6787222222222,-14.0095055555556,14.55,El Cotillo,,Spain
IPhone_Fuerteventura_2025-03-02_17-41-14.jpeg,2025,2025-03-02,17:41:14,28.6755055555556,-14.00865,23.02,El Cotillo,,Spain
IPhone_Fuerteventura_2025-03-02_17-41-22.jpeg,2025,2025-03-02,17:41:22,28.67555,-14.0086555555556,10.81,El Cotillo,,Spain
IPhone_Fuerteventura_2025-03-02_17-41-24.jpeg,2025,2025-03-02,17:41:24,28.6755722222222,-14.00865,10.87,El Cotillo,,Spain
IPhone_Fuerteventura_2025-03-02_17-41-34.jpeg,2025,2025-03-02,17:41:34,28.6755777777778,-14.0086472222222,11.25,El Cotillo,,Spain
IPhone_Fuerteventura_2025-03-02_17-41-49.jpeg,2025,2025-03-02,17:41:49,28.6755777777778,-14.0086472222222,11.25,El Cotillo,,Spain
IPhone_Fuerteventura_2025-03-02_17-42-13.jpeg,2025,2025-03-02,17:42:13,28.6755694444444,-14.0086444444444,12.11,El Cotillo,,Spain
IPhone_Fuerteventura_2025-03-02_17-43-17.jpeg,2025,2025-03-02,17:43:17,28.6755694444444,-14.0086583333333,19.35,El Cotillo,,Spain
IPhone_Fuerteventura_2025-03-02_17-43-55.jpeg,2025,2025-03-02,17:43:55,28.6755583333333,-14.0085388888889,14.84,El Cotillo,,Spain
IPhone_Fuerteventura_2025-03-02_17-44-58.jpeg,2025,2025-03-02,17:44:58,28.6755333333333,-14.0085361111111,13.85,El Cotillo,,Spain
IPhone_Fuerteventura_2025-03-02_17-45-07.jpeg,2025,2025-03-02,17:45:07,28.6755361111111,-14.0085361111111,13.72,El Cotillo,,Spain
IPhone_Fuerteventura_2025-03-02_17-45-10.jpeg,2025,2025-03-02,17:45:10,28.6755361111111,-14.0085361111111,13.83,El Cotillo,,Spain
IPhone_Fuerteventura_2025-03-02_17-49-16.jpeg,2025,2025-03-02,17:49:16,28.677175,-14.0077222222222,23.8,El Cotillo,,Spain
IPhone_Fuerteventura_2025-03-02_18-12-15.jpeg,2025,2025-03-02,18:12:15,28.6792194444444,-13.9419277777778,70.49,Lajares,,Spain
IPhone_Fuerteventura_2025-03-02_18-13-28.jpeg,2025,2025-03-02,18:13:28,28.6779166666667,-13.9482694444444,67.01,Lajares,,Spain
IPhone_Fuerteventura_2025-03-02_18-13-34.jpeg,2025,2025-03-02,18:13:34,28.6773555555556,-13.9488805555556,68.48,Lajares,,Spain
IPhone_Fuerteventura_2025-03-02_18-44-18.jpeg,2025,2025-03-02,18:44:18,28.7293388888889,-13.8716833333333,20.33,Corralejo Playa,,Spain
IPhone_Fuerteventura_2025-03-02_19-00-18.jpeg,2025,2025-03-02,19:00:18,28.7316138888889,-13.8643638888889,6.58,Corralejo,,Spain
IPhone_Fuerteventura_2025-03-03_10-01-28.jpeg,2025,2025-03-03,10:01:28,28.7310222222222,-13.8602777777778,4.11,Corralejo,,Spain
IPhone_Fuerteventura_2025-03-03_10-01-37.jpeg,2025,2025-03-03,10:01:37,28.7311,-13.8602222222222,3.56,Corralejo,,Spain
IPhone_Fuerteventura_2025-03-03_11-15-42.jpeg,2025,2025-03-03,11:15:42,28.7317472222222,-13.8597277777778,2.82,Corralejo Playa,,Spain
IPhone_Fuerteventura_2025-03-03_11-16-58.jpeg,2025,2025-03-03,11:16:58,28.7317555555556,-13.8597333333333,3.1,Corralejo Playa,,Spain
IPhone_Fuerteventura_2025-03-03_11-43-16.jpeg,2025,2025-03-03,11:43:16,28.7328972222222,-13.8591944444444,1.71,Corralejo Playa,,Spain
IPhone_Fuerteventura_2025-03-03_11-44-55.jpeg,2025,2025-03-03,11:44:55,28.7312583333333,-13.8600361111111,6.94,Corralejo,,Spain
IPhone_Fuerteventura_2025-03-03_11-45-40.jpeg,2025,2025-03-03,11:45:40,28.7333861111111,-13.8589277777778,3.43,Corralejo Playa,,Spain
IPhone_Fuerteventura_2025-03-03_11-48-53.jpeg,2025,2025-03-03,11:48:53,28.7333305555556,-13.8589388888889,2.26,Corralejo Playa,,Spain
IPhone_Fuerteventura_2025-03-03_11-49-54.jpeg,2025,2025-03-03,11:49:54,28.7333138888889,-13.8589361111111,2.53,Corralejo Playa,,Spain
IPhone_Fuerteventura_2025-03-03_11-50-33.jpeg,2025,2025-03-03,11:50:33,28.7333166666667,-13.8589305555556,2.93,,,
IPhone_Fuerteventura_2025-03-03_11-52-04.jpeg,2025,2025-03-03,11:52:04,28.7333194444444,-13.8589333333333,3.88,Corralejo Playa,,Spain
IPhone_Fuerteventura_2025-03-03_11-52-47.jpeg,2025,2025-03-03,11:52:47,28.7333194444444,-13.8589305555556,3.86,Corralejo Playa,,Spain
IPhone_Fuerteventura_2025-03-03_11-53-13.jpeg,2025,2025-03-03,11:53:13,28.7333222222222,-13.8589305555556,3.87,Corralejo Playa,,Spain
IPhone_Fuerteventura_2025-03-03_11-53-16.jpeg,2025,2025-03-03,11:53:16,28.7333222222222,-13.8589305555556,3.91,Corralejo Playa,,Spain
IPhone_Fuerteventura_2025-03-03_11-53-17.jpeg,2025,2025-03-03,11:53:17,28.7333222222222,-13.8589305555556,3.91,Corralejo Playa,,Spain
IPhone_Fuerteventura_2025-03-03_11-53-31.jpeg,2025,2025-03-03,11:53:31,28.7333222222222,-13.8589277777778,3.94,Corralejo Playa,,Spain
IPhone_Fuerteventura_2025-03-03_11-55-12.jpeg,2025,2025-03-03,11:55:12,28.7332805555556,-13.8589388888889,2.14,Corralejo Playa,,Spain
IPhone_Fuerteventura_2025-03-03_11-55-22.jpeg,2025,2025-03-03,11:55:22,28.7332805555556,-13.8589472222222,2.19,Corralejo Playa,,Spain
IPhone_Fuerteventura_2025-03-03_11-55-34.jpeg,2025,2025-03-03,11:55:34,28.733275,-13.8589388888889,2.49,Corralejo Playa,,Spain
IPhone_Fuerteventura_2025-03-03_11-55-36.jpeg,2025,2025-03-03,11:55:36,28.7332777777778,-13.8589388888889,2.35,Corralejo Playa,,Spain
IPhone_Fuerteventura_2025-03-03_11-55-38.jpeg,2025,2025-03-03,11:55:38,28.733275,-13.8589388888889,2.21,Corralejo Playa,,Spain
IPhone_Fuerteventura_2025-03-03_12-30-58.jpeg,2025,2025-03-03,12:30:58,28.7267861111111,-13.8432305555556,3.66,La Oliva,,Spain
IPhone_Fuerteventura_2025-03-03_12-31-02.jpeg,2025,2025-03-03,12:31:02,28.7267861111111,-13.8432333333333,3.72,La Oliva,,Spain
IPhone_Fuerteventura_2025-03-03_12-31-06.jpeg,2025,2025-03-03,12:31:06,28.7267805555556,-13.8432305555556,3.88,La Oliva,,Spain
IPhone_Fuerteventura_2025-03-03_12-31-15.jpeg,2025,2025-03-03,12:31:15,28.7267944444444,-13.8431888888889,5.0,La Oliva,,Spain
IPhone_Fuerteventura_2025-03-03_12-31-18.jpeg,2025,2025-03-03,12:31:18,28.7267694444444,-13.8431583333333,4.74,La Oliva,,Spain
IPhone_Fuerteventura_2025-03-03_12-31-25.jpeg,2025,2025-03-03,12:31:25,28.7267277777778,-13.8430972222222,5.28,,,
IPhone_Fuerteventura_2025-03-03_12-31-39.jpeg,2025,2025-03-03,12:31:39,28.7266305555556,-13.8429611111111,6.24,La Oliva,,Spain
IPhone_Fuerteventura_2025-03-03_12-32-44.jpeg,2025,2025-03-03,12:32:44,28.726225,-13.8424861111111,1.37,La Oliva,,Spain
IPhone_Fuerteventura_2025-03-03_12-36-40.jpeg,2025,2025-03-03,12:36:40,28.7245,-13.8421138888889,1.86,La Oliva,,Spain
IPhone_Fuerteventura_2025-03-03_12-36-42.jpeg,2025,2025-03-03,12:36:42,28.7240083333333,-13.8420805555556,8.86,La Oliva,,Spain
IPhone_Fuerteventura_2025-03-03_12-39-31.jpeg,2025,2025-03-03,12:39:31,28.7228083333333,-13.8420888888889,1.8,,,
IPhone_Fuerteventura_2025-03-03_12-39-35.jpeg,2025,2025-03-03,12:39:35,28.7228555555556,-13.8420777777778,2.13,La Oliva,,Spain
IPhone_Fuerteventura_2025-03-03_12-39-39.jpeg,2025,2025-03-03,12:39:39,28.7228861111111,-13.8420555555556,2.62,La Oliva,,Spain
IPhone_Fuerteventura_2025-03-03_12-39-43.jpeg,2025,2025-03-03,12:39:43,28.7228611111111,-13.8420694444444,2.94,La Oliva,,Spain
IPhone_Fuerteventura_2025-03-03_12-45-53.jpeg,2025,2025-03-03,12:45:53,28.7213111111111,-13.8414222222222,3.15,La Oliva,,Spain
IPhone_Fuerteventura_2025-03-03_12-46-02.jpeg,2025,2025-03-03,12:46:02,28.7213138888889,-13.8414083333333,3.17,La Oliva,,Spain
IPhone_Fuerteventura_2025-03-03_12-46-07.jpeg,2025,2025-03-03,12:46:07,28.7213138888889,-13.8414055555556,3.9,La Oliva,,Spain
IPhone_Fuerteventura_2025-03-03_12-46-55.jpeg,2025,2025-03-03,12:46:55,28.7213805555556,-13.8413694444444,5.27,La Oliva,,Spain
IPhone_Fuerteventura_2025-03-03_12-47-05.jpeg,2025,2025-03-03,12:47:05,28.7213888888889,-13.8413694444444,5.85,La Oliva,,Spain
IPhone_Fuerteventura_2025-03-03_12-47-34.jpeg,2025,2025-03-03,12:47:34,28.7214361111111,-13.8413305555556,5.95,La Oliva,,Spain
IPhone_Fuerteventura_2025-03-03_12-47-52.jpeg,2025,2025-03-03,12:47:52,28.7214361111111,-13.8413194444444,5.61,La Oliva,,Spain
IPhone_Fuerteventura_2025-03-03_12-47-53.jpeg,2025,2025-03-03,12:47:53,28.7214305555556,-13.8413222222222,5.23,La Oliva,,Spain
IPhone_Fuerteventura_2025-03-03_12-47-54.jpeg,2025,2025-03-03,12:47:54,28.7214305555556,-13.8413222222222,5.23,La Oliva,,Spain
IPhone_Fuerteventura_2025-03-03_12-48-06.jpeg,2025,2025-03-03,12:48:06,28.7214388888889,-13.8413277777778,5.23,La Oliva,,Spain
IPhone_Fuerteventura_2025-03-03_12-48-22.jpeg,2025,2025-03-03,12:48:22,28.7214444444444,-13.8413111111111,4.29,La Oliva,,Spain
IPhone_Fuerteventura_2025-03-03_12-49-54.jpeg,2025,2025-03-03,12:49:54,28.7214722222222,-13.8412416666667,6.7,La Oliva,,Spain
IPhone_Fuerteventura_2025-03-03_12-49-58.jpeg,2025,2025-03-03,12:49:58,28.7214694444444,-13.8412472222222,6.22,La Oliva,,Spain
IPhone_Fuerteventura_2025-03-03_12-49-59.jpeg,2025,2025-03-03,12:49:59,28.7214694444444,-13.8412444444444,5.91,La Oliva,,Spain
IPhone_Fuerteventura_2025-03-03_14-35-23.jpeg,2025,2025-03-03,14:35:23,28.7273055555556,-13.8448638888889,4.18,La Oliva,,Spain
IPhone_Fuerteventura_2025-03-03_15-03-32.jpeg,2025,2025-03-03,15:03:32,28.7312138888889,-13.8577305555556,4.97,Corralejo Playa,,Spain
IPhone_Fuerteventura_2025-03-03_15-04-02.jpeg,2025,2025-03-03,15:04:02,28.7312722222222,-13.8578222222222,4.94,Corralejo Playa,,Spain
IPhone_Fuerteventura_2025-03-03_15-05-00.jpeg,2025,2025-03-03,15:05:00,28.7317333333333,-13.8580888888889,4.91,,,
IPhone_Fuerteventura_2025-03-03_15-05-02.jpeg,2025,2025-03-03,15:05:02,28.7317305555556,-13.8580861111111,4.83,Corralejo Playa,,Spain
IPhone_Fuerteventura_2025-03-03_15-06-03.jpeg,2025,2025-03-03,15:06:03,28.7318111111111,-13.858125,5.41,Corralejo Playa,,Spain
IPhone_Fuerteventura_2025-03-03_15-06-54.jpeg,2025,2025-03-03,15:06:54,28.7318277777778,-13.858125,5.38,Corralejo Playa,,Spain
IPhone_Fuerteventura_2025-03-03_15-07-02.jpeg,2025,2025-03-03,15:07:02,28.731825,-13.858125,5.44,Corralejo Playa,,Spain
IPhone_Fuerteventura_2025-03-03_15-10-17.jpeg,2025,2025-03-03,15:10:17,28.7318805555556,-13.8581888888889,5.17,Corralejo Playa,,Spain
IPhone_Fuerteventura_2025-03-03_15-10-19.jpeg,2025,2025-03-03,15:10:19,28.7318805555556,-13.8581888888889,5.17,Corralejo Playa,,Spain
IPhone_Fuerteventura_2025-03-03_15-10-24.jpeg,2025,2025-03-03,15:10:24,28.7318805555556,-13.8581916666667,5.11,Corralejo Playa,,Spain
IPhone_Fuerteventura_2025-03-03_15-11-03.jpeg,2025,2025-03-03,15:11:03,28.7318833333333,-13.8581972222222,5.05,Corralejo Playa,,Spain
IPhone_Fuerteventura_2025-03-03_15-11-30.jpeg,2025,2025-03-03,15:11:30,28.7318638888889,-13.8581833333333,4.95,Corralejo Playa,,Spain
IPhone_Fuerteventura_2025-03-03_15-11-57.jpeg,2025,2025-03-03,15:11:57,28.7318861111111,-13.8581888888889,5.14,Corralejo Playa,,Spain
IPhone_Fuerteventura_2025-03-03_15-12-30.jpeg,2025,2025-03-03,15:12:30,28.7318888888889,-13.8581888888889,5.03,Corralejo Playa,,Spain
IPhone_Fuerteventura_2025-03-03_15-12-58.jpeg,2025,2025-03-03,15:12:58,28.7318888888889,-13.8581861111111,4.74,Corralejo Playa,,Spain
IPhone_Fuerteventura_2025-03-03_15-13-02.jpeg,2025,2025-03-03,15:13:02,28.7318888888889,-13.8581861111111,4.59,Corralejo Playa,,Spain
IPhone_Fuerteventura_2025-03-03_15-13-04.jpeg,2025,2025-03-03,15:13:04,28.7318805555556,-13.8581861111111,4.67,Corralejo Playa,,Spain
IPhone_Fuerteventura_2025-03-03_15-13-59.jpeg,2025,2025-03-03,15:13:59,28.7318805555556,-13.8581805555556,5.78,Corralejo Playa,,Spain
IPhone_Fuerteventura_2025-03-03_15-53-14.jpeg,2025,2025-03-03,15:53:14,28.7308611111111,-13.860525,3.33,Corralejo,,Spain
IPhone_Fuerteventura_2025-03-03_15-53-51.jpeg,2025,2025-03-03,15:53:51,28.7308305555556,-13.8606444444444,0.94,Corralejo Playa,,Spain
IPhone_Fuerteventura_2025-03-03_15-53-54.jpeg,2025,2025-03-03,15:53:54,28.7307944444444,-13.8606583333333,3.72,Corralejo Playa,,Spain
IPhone_Fuerteventura_2025-03-03_15-54-29.jpeg,2025,2025-03-03,15:54:29,28.7307333333333,-13.8610555555556,3.21,Corralejo Playa,,Spain
IPhone_Fuerteventura_2025-03-03_15-57-38.jpeg,2025,2025-03-03,15:57:38,28.7315722222222,-13.8629694444444,6.52,Corralejo Playa,,Spain
IPhone_Fuerteventura_2025-03-03_15-59-22.jpeg,2025,2025-03-03,15:59:22,28.7319166666667,-13.8640888888889,15.77,Corralejo Playa,,Spain
IPhone_Fuerteventura_2025-03-03_16-15-03.jpeg,2025,2025-03-03,16:15:03,28.7358944444444,-13.8698194444444,13.42,Corralejo,,Spain
IPhone_Fuerteventura_2025-03-03_16-15-16.jpeg,2025,2025-03-03,16:15:16,28.7358388888889,-13.8698666666667,15.86,Corralejo,,Spain
IPhone_Fuerteventura_2025-03-03_16-15-44.jpeg,2025,2025-03-03,16:15:44,28.7359222222222,-13.8698583333333,14.03,Corralejo,,Spain
IPhone_Fuerteventura_2025-03-03_16-16-31.jpeg,2025,2025-03-03,16:16:31,28.7356416666667,-13.8699111111111,13.06,Corralejo,,Spain
IPhone_Fuerteventura_2025-03-03_16-20-29.jpeg,2025,2025-03-03,16:20:29,28.7357638888889,-13.8697555555556,14.88,Corralejo,,Spain
IPhone_Fuerteventura_2025-03-03_16-39-44.jpeg,2025,2025-03-03,16:39:44,28.7367805555556,-13.8699444444444,14.17,Corralejo,,Spain
IPhone_Fuerteventura_2025-03-03_16-44-59.jpeg,2025,2025-03-03,16:44:59,28.7388388888889,-13.8687972222222,12.51,Corralejo,,Spain
IPhone_Fuerteventura_2025-03-03_16-48-37.jpeg,2025,2025-03-03,16:48:37,28.7406194444444,-13.8683638888889,8.23,Corralejo,,Spain
IPhone_Fuerteventura_2025-03-03_16-56-54.jpeg,2025,2025-03-03,16:56:54,28.7442333333333,-13.8695722222222,3.36,Corralejo,,Spain
IPhone_Fuerteventura_2025-03-03_16-57-03.jpeg,2025,2025-03-03,16:57:03,28.7442416666667,-13.8695888888889,4.29,Corralejo,,Spain
IPhone_Fuerteventura_2025-03-03_17-09-21.jpeg,2025,2025-03-03,17:09:21,28.7456444444444,-13.8665833333333,5.78,Corralejo,,Spain
IPhone_Fuerteventura_2025-03-03_17-12-24.jpeg,2025,2025-03-03,17:12:24,28.7449111111111,-13.8653361111111,2.73,Corralejo,,Spain
IPhone_Fuerteventura_2025-03-03_17-12-29.jpeg,2025,2025-03-03,17:12:29,28.7449111111111,-13.8653361111111,2.73,Corralejo,,Spain
IPhone_Fuerteventura_2025-03-03_17-17-09.jpeg,2025,2025-03-03,17:17:09,28.7433111111111,-13.8643944444444,4.26,Corralejo,,Spain
IPhone_Fuerteventura_2025-03-03_17-18-09.jpeg,2025,2025-03-03,17:18:09,28.7433,-13.8643611111111,1.81,Corralejo,,Spain
IPhone_Fuerteventura_2025-03-03_17-18-10.jpeg,2025,2025-03-03,17:18:10,28.7433055555556,-13.8643555555556,1.72,Corralejo,,Spain
IPhone_Fuerteventura_2025-03-03_17-20-24.jpeg,2025,2025-03-03,17:20:24,28.7433111111111,-13.8642138888889,1.83,Corralejo,,Spain
IPhone_Fuerteventura_2025-03-03_17-20-27.jpeg,2025,2025-03-03,17:20:27,28.7433194444444,-13.8643777777778,1.47,Corralejo,,Spain
IPhone_Fuerteventura_2025-03-03_17-44-20.jpeg,2025,2025-03-03,17:44:20,28.7391694444444,-13.8661611111111,10.8,Corralejo,,Spain
IPhone_Fuerteventura_2025-03-03_17-48-14.jpeg,2025,2025-03-03,17:48:14,28.7410305555556,-13.8647555555556,10.78,Corralejo,,Spain
IPhone_Fuerteventura_2025-03-03_17-51-04.jpeg,2025,2025-03-03,17:51:04,28.7407305555556,-13.8623277777778,4.03,Corralejo,,Spain
IPhone_Fuerteventura_2025-03-03_18-04-49.jpeg,2025,2025-03-03,18:04:49,28.7405277777778,-13.8607583333333,21.48,Corralejo,,Spain
IPhone_Fuerteventura_2025-03-03_18-05-03.jpeg,2025,2025-03-03,18:05:03,28.7404638888889,-13.8608472222222,1.75,Corralejo,,Spain
IPhone_Fuerteventura_2025-03-03_18-05-09.jpeg,2025,2025-03-03,18:05:09,28.7404694444444,-13.8608611111111,2.05,,,
IPhone_Fuerteventura_2025-03-03_18-07-27.jpeg,2025,2025-03-03,18:07:27,28.7407555555556,-13.8620138888889,1.91,Corralejo,,Spain
IPhone_Fuerteventura_2025-03-03_18-21-40.jpeg,2025,2025-03-03,18:21:40,28.7390972222222,-13.8673111111111,55.58,Corralejo,,Spain
IPhone_Fuerteventura_2025-03-03_18-43-11.jpeg,2025,2025-03-03,18:43:11,28.7381722222222,-13.8672472222222,5.33,Corralejo,,Spain
IPhone_Fuerteventura_2025-03-03_18-43-15.jpeg,2025,2025-03-03,18:43:15,28.7381638888889,-13.8672444444444,3.2,Corralejo,,Spain
IPhone_Fuerteventura_2025-03-03_19-56-00.jpeg,2025,2025-03-03,19:56:00,28.7382027777778,-13.8672638888889,3.52,Corralejo,,Spain
IPhone_Fuerteventura_2025-03-04_08-58-43.jpeg,2025,2025-03-04,08:58:43,28.7315166666667,-13.8594694444444,4.36,Corralejo,,Spain
IPhone_Fuerteventura_2025-03-04_12-27-28.jpeg,2025,2025-03-04,12:27:28,28.7313694444444,-13.8635277777778,6.35,Corralejo,,Spain
IPhone_Fuerteventura_2025-03-04_12-27-40.jpeg,2025,2025-03-04,12:27:40,28.7314388888889,-13.8636611111111,9.99,Corralejo,,Spain
IPhone_Fuerteventura_2025-03-04_12-27-55.jpeg,2025,2025-03-04,12:27:55,28.7314305555556,-13.8635861111111,5.88,Corralejo,,Spain
IPhone_Fuerteventura_2025-03-04_12-28-01.jpeg,2025,2025-03-04,12:28:01,28.7314305555556,-13.8635972222222,6.28,Corralejo,,Spain
IPhone_Fuerteventura_2025-03-04_12-28-04.jpeg,2025,2025-03-04,12:28:04,28.7314305555556,-13.8636027777778,6.26,Corralejo,,Spain
IPhone_Fuerteventura_2025-03-04_12-30-10.jpeg,2025,2025-03-04,12:30:10,28.7322472222222,-13.8645555555556,4.36,Corralejo,,Spain
IPhone_Fuerteventura_2025-03-04_12-30-28.jpeg,2025,2025-03-04,12:30:28,28.7322388888889,-13.8645027777778,5.25,Corralejo,,Spain
IPhone_Fuerteventura_2025-03-04_13-21-48.jpeg,2025,2025-03-04,13:21:48,28.7399861111111,-13.8678388888889,8.87,Corralejo,,Spain
IPhone_Fuerteventura_2025-03-04_13-21-53.jpeg,2025,2025-03-04,13:21:53,28.7399722222222,-13.8678194444444,7.1,Corralejo,,Spain
IPhone_Fuerteventura_2025-03-04_13-21-57.jpeg,2025,2025-03-04,13:21:57,28.7399777777778,-13.8678583333333,7.03,Corralejo,,Spain
IPhone_Fuerteventura_2025-03-04_13-45-09.jpeg,2025,2025-03-04,13:45:09,28.7399888888889,-13.8678944444444,7.08,Corralejo,,Spain
IPhone_Fuerteventura_2025-03-04_13-46-08.jpeg,2025,2025-03-04,13:46:08,28.7400472222222,-13.8678111111111,3.45,Corralejo,,Spain
IPhone_Fuerteventura_2025-03-04_13-46-11.jpeg,2025,2025-03-04,13:46:11,28.7399861111111,-13.8677194444444,7.15,Corralejo,,Spain
IPhone_Fuerteventura_2025-03-04_15-04-47.jpeg,2025,2025-03-04,15:04:47,28.7318472222222,-13.8581638888889,6.04,Corralejo Playa,,Spain
IPhone_Fuerteventura_2025-03-04_15-05-08.jpeg,2025,2025-03-04,15:05:08,28.7318472222222,-13.8581611111111,6.03,Corralejo Playa,,Spain
IPhone_Fuerteventura_2025-03-04_15-09-14.jpeg,2025,2025-03-04,15:09:14,28.7310888888889,-13.8576972222222,2.41,Corralejo Playa,,Spain
IPhone_Fuerteventura_2025-03-04_15-46-19.jpeg,2025,2025-03-04,15:46:19,28.7231611111111,-13.8422222222222,3.33,La Oliva,,Spain
IPhone_Fuerteventura_2025-03-04_15-49-33.jpeg,2025,2025-03-04,15:49:33,28.7219444444444,-13.8419694444444,3.73,La Oliva,,Spain
IPhone_Fuerteventura_2025-03-04_15-49-35.jpeg,2025,2025-03-04,15:49:35,28.7219277777778,-13.8420027777778,2.63,La Oliva,,Spain
IPhone_Fuerteventura_2025-03-04_15-49-41.jpeg,2025,2025-03-04,15:49:41,28.7218944444444,-13.8420083333333,3.04,La Oliva,,Spain
IPhone_Fuerteventura_2025-03-04_15-49-46.jpeg,2025,2025-03-04,15:49:46,28.7218888888889,-13.8420111111111,3.29,La Oliva,,Spain
IPhone_Fuerteventura_2025-03-04_15-56-10.jpeg,2025,2025-03-04,15:56:10,28.7193194444444,-13.8401527777778,1.5,La Oliva,,Spain
IPhone_Fuerteventura_2025-03-04_16-44-17.jpeg,2025,2025-03-04,16:44:17,28.7303333333333,-13.8566833333333,4.63,Corralejo Playa,,Spain
IPhone_Fuerteventura_2025-03-04_16-44-20.jpeg,2025,2025-03-04,16:44:20,28.7303638888889,-13.8565638888889,2.91,Corralejo Playa,,Spain
IPhone_Fuerteventura_2025-03-04_16-44-31.jpeg,2025,2025-03-04,16:44:31,28.7304138888889,-13.8565972222222,3.25,Corralejo Playa,,Spain
IPhone_Fuerteventura_2025-03-04_16-44-46.jpeg,2025,2025-03-04,16:44:46,28.7304222222222,-13.8566527777778,2.78,Corralejo Playa,,Spain
IPhone_Fuerteventura_2025-03-05_12-27-13.jpeg,2025,2025-03-05,12:27:13,28.7134138888889,-13.8786222222222,56.22,Geafond,,Spain
IPhone_Fuerteventura_2025-03-05_13-23-38.jpeg,2025,2025-03-05,13:23:38,28.6810444444444,-14.0107694444444,15.54,El Cotillo,,Spain
IPhone_Fuerteventura_2025-03-05_13-23-40.jpeg,2025,2025-03-05,13:23:40,28.6810333333333,-14.0107944444444,15.36,El Cotillo,,Spain
IPhone_Fuerteventura_2025-03-05_13-24-13.jpeg,2025,2025-03-05,13:24:13,28.6810361111111,-14.0108277777778,17.44,El Cotillo,,Spain
IPhone_Fuerteventura_2025-03-05_13-39-28.jpeg,2025,2025-03-05,13:39:28,28.6809666666667,-14.0107472222222,18.56,El Cotillo,,Spain
IPhone_Fuerteventura_2025-03-05_13-43-33.jpeg,2025,2025-03-05,13:43:33,28.6789138888889,-14.0097361111111,16.8,El Cotillo,,Spain
IPhone_Fuerteventura_2025-03-05_13-49-59.jpeg,2025,2025-03-05,13:49:59,28.6754305555556,-14.0086361111111,11.05,El Cotillo,,Spain
IPhone_Fuerteventura_2025-03-05_13-50-09.jpeg,2025,2025-03-05,13:50:09,28.6754305555556,-14.0086444444444,10.59,El Cotillo,,Spain
IPhone_Fuerteventura_2025-03-05_13-50-16.jpeg,2025,2025-03-05,13:50:16,28.6754305555556,-14.0086388888889,10.49,El Cotillo,,Spain
IPhone_Fuerteventura_2025-03-05_13-53-24.jpeg,2025,2025-03-05,13:53:24,28.6748805555556,-14.0092666666667,0.93,El Cotillo,,Spain
IPhone_Fuerteventura_2025-03-05_13-53-28.jpeg,2025,2025-03-05,13:53:28,28.6748694444444,-14.0092666666667,1.24,El Cotillo,,Spain
IPhone_Fuerteventura_2025-03-05_13-53-31.jpeg,2025,2025-03-05,13:53:31,28.67485,-14.0092861111111,1.24,El Cotillo,,Spain
IPhone_Fuerteventura_2025-03-05_13-54-09.jpeg,2025,2025-03-05,13:54:09,28.6745472222222,-14.0093861111111,0.41,El Cotillo,,Spain
IPhone_Fuerteventura_2025-03-05_13-56-03.jpeg,2025,2025-03-05,13:56:03,28.6735805555556,-14.0096,0.69,El Cotillo,,Spain
IPhone_Fuerteventura_2025-03-05_13-56-05.jpeg,2025,2025-03-05,13:56:05,28.6735722222222,-14.0096027777778,0.8,El Cotillo,,Spain
IPhone_Fuerteventura_2025-03-05_13-56-21.jpeg,2025,2025-03-05,13:56:21,28.6734777777778,-14.0095861111111,1.7,El Cotillo,,Spain
IPhone_Fuerteventura_2025-03-05_13-57-50.jpeg,2025,2025-03-05,13:57:50,28.6730472222222,-14.0096777777778,1.31,El Cotillo,,Spain
IPhone_Fuerteventura_2025-03-05_13-58-02.jpeg,2025,2025-03-05,13:58:02,28.6729833333333,-14.009675,1.07,El Cotillo,,Spain
IPhone_Fuerteventura_2025-03-05_13-58-09.jpeg,2025,2025-03-05,13:58:09,28.6729722222222,-14.0096916666667,1.4,El Cotillo,,Spain
IPhone_Fuerteventura_2025-03-05_13-59-13.jpeg,2025,2025-03-05,13:59:13,28.6724388888889,-14.0098555555556,0.64,El Cotillo,,Spain
IPhone_Fuerteventura_2025-03-05_13-59-16.jpeg,2025,2025-03-05,13:59:16,28.6724388888889,-14.0098555555556,1.28,El Cotillo,,Spain
IPhone_Fuerteventura_2025-03-05_13-59-20.jpeg,2025,2025-03-05,13:59:20,28.6724583333333,-14.0098694444444,0.41,El Cotillo,,Spain
IPhone_Fuerteventura_2025-03-05_13-59-35.jpeg,2025,2025-03-05,13:59:35,28.6724166666667,-14.0098777777778,0.08,El Cotillo,,Spain
IPhone_Fuerteventura_2025-03-05_14-02-42.jpeg,2025,2025-03-05,14:02:42,28.6707472222222,-14.0101722222222,8.92,El Cotillo,,Spain
IPhone_Fuerteventura_2025-03-05_14-02-52.jpeg,2025,2025-03-05,14:02:52,28.6705305555556,-14.0104694444444,1.25,El Cotillo,,Spain
IPhone_Fuerteventura_2025-03-05_14-03-09.jpeg,2025,2025-03-05,14:03:09,28.6704777777778,-14.0105416666667,0.98,El Cotillo,,Spain
IPhone_Fuerteventura_2025-03-05_14-03-41.jpeg,2025,2025-03-05,14:03:41,28.6702222222222,-14.0106805555556,2.47,El Cotillo,,Spain
IPhone_Fuerteventura_2025-03-05_14-06-18.jpeg,2025,2025-03-05,14:06:18,28.6686388888889,-14.0112777777778,1.91,El Cotillo,,Spain
IPhone_Fuerteventura_2025-03-05_14-08-46.jpeg,2025,2025-03-05,14:08:46,28.6669944444444,-14.0118305555556,3.1,El Cotillo,,Spain
IPhone_Fuerteventura_2025-03-05_14-09-18.jpeg,2025,2025-03-05,14:09:18,28.6669222222222,-14.0117777777778,0.97,El Cotillo,,Spain
IPhone_Fuerteventura_2025-03-05_14-09-50.jpeg,2025,2025-03-05,14:09:50,28.6669333333333,-14.0117833333333,2.02,El Cotillo,,Spain
IPhone_Fuerteventura_2025-03-05_14-09-52.jpeg,2025,2025-03-05,14:09:52,28.6669333333333,-14.0117833333333,2.17,El Cotillo,,Spain
IPhone_Fuerteventura_2025-03-05_14-10-35.jpeg,2025,2025-03-05,14:10:35,28.6668,-14.0119666666667,1.78,El Cotillo,,Spain
IPhone_Fuerteventura_2025-03-05_14-10-36.jpeg,2025,2025-03-05,14:10:36,28.6667944444444,-14.011975,1.65,El Cotillo,,Spain
IPhone_Fuerteventura_2025-03-05_14-10-39.jpeg,2025,2025-03-05,14:10:39,28.6667805555556,-14.0119861111111,1.43,El Cotillo,,Spain
IPhone_Fuerteventura_2025-03-05_14-11-22.jpeg,2025,2025-03-05,14:11:22,28.6666388888889,-14.0120861111111,1.16,El Cotillo,,Spain
IPhone_Fuerteventura_2025-03-05_14-11-23.jpeg,2025,2025-03-05,14:11:23,28.6666361111111,-14.0120861111111,1.13,El Cotillo,,Spain
IPhone_Fuerteventura_2025-03-05_14-11-50.jpeg,2025,2025-03-05,14:11:50,28.6664611111111,-14.0120194444444,0.87,El Cotillo,,Spain
IPhone_Fuerteventura_2025-03-05_14-13-47.jpeg,2025,2025-03-05,14:13:47,28.6654722222222,-14.0122194444444,7.68,El Cotillo,,Spain
IPhone_Fuerteventura_2025-03-05_14-14-00.jpeg,2025,2025-03-05,14:14:00,28.6654666666667,-14.0122944444444,7.07,El Cotillo,,Spain
IPhone_Fuerteventura_2025-03-05_14-14-18.jpeg,2025,2025-03-05,14:14:18,28.6654722222222,-14.0122972222222,7.3,El Cotillo,,Spain
IPhone_Fuerteventura_2025-03-05_14-14-30.jpeg,2025,2025-03-05,14:14:30,28.6654694444444,-14.0123055555556,6.5,El Cotillo,,Spain
IPhone_Fuerteventura_2025-03-05_14-14-48.jpeg,2025,2025-03-05,14:14:48,28.6655055555556,-14.0122972222222,6.75,El Cotillo,,Spain
IPhone_Fuerteventura_2025-03-05_14-16-51.jpeg,2025,2025-03-05,14:16:51,28.6653194444444,-14.0123527777778,9.23,El Cotillo,,Spain
IPhone_Fuerteventura_2025-03-05_14-16-57.jpeg,2025,2025-03-05,14:16:57,28.6653138888889,-14.0123444444444,9.02,El Cotillo,,Spain
IPhone_Fuerteventura_2025-03-05_14-18-22.jpeg,2025,2025-03-05,14:18:22,28.6652861111111,-14.0126055555556,5.12,,,
IPhone_Fuerteventura_2025-03-05_14-19-52.jpeg,2025,2025-03-05,14:19:52,28.6659194444444,-14.0119666666667,4.81,El Cotillo,,Spain
IPhone_Fuerteventura_2025-03-05_14-21-16.jpeg,2025,2025-03-05,14:21:16,28.6664444444444,-14.0119972222222,1.63,El Cotillo,,Spain
IPhone_Fuerteventura_2025-03-05_14-21-31.jpeg,2025,2025-03-05,14:21:31,28.6665166666667,-14.0120027777778,1.35,,,
IPhone_Fuerteventura_2025-03-05_14-21-43.jpeg,2025,2025-03-05,14:21:43,28.6665111111111,-14.0119972222222,1.04,El Cotillo,,Spain
IPhone_Fuerteventura_2025-03-05_14-22-10.jpeg,2025,2025-03-05,14:22:10,28.6667027777778,-14.0119666666667,1.63,El Cotillo,,Spain
IPhone_Fuerteventura_2025-03-05_14-22-20.jpeg,2025,2025-03-05,14:22:20,28.6667666666667,-14.0119305555556,1.87,El Cotillo,,Spain
IPhone_Fuerteventura_2025-03-05_14-24-23.jpeg,2025,2025-03-05,14:24:23,28.667675,-14.0116888888889,0.23,El Cotillo,,Spain
IPhone_Fuerteventura_2025-03-05_14-24-25.jpeg,2025,2025-03-05,14:24:25,28.6676666666667,-14.0116972222222,0.17,El Cotillo,,Spain
IPhone_Fuerteventura_2025-03-05_14-24-30.jpeg,2025,2025-03-05,14:24:30,28.6677277777778,-14.0116611111111,1.62,El Cotillo,,Spain
IPhone_Fuerteventura_2025-03-05_14-24-45.jpeg,2025,2025-03-05,14:24:45,28.6677444444444,-14.0116694444444,0.43,El Cotillo,,Spain
IPhone_Fuerteventura_2025-03-05_14-26-14.jpeg,2025,2025-03-05,14:26:14,28.6682972222222,-14.0113694444444,1.93,El Cotillo,,Spain
IPhone_Fuerteventura_2025-03-05_14-32-58.jpeg,2025,2025-03-05,14:32:58,28.6725472222222,-14.0098083333333,5.29,El Cotillo,,Spain
IPhone_Fuerteventura_2025-03-05_14-35-45.jpeg,2025,2025-03-05,14:35:45,28.6740972222222,-14.0094416666667,0.49,El Cotillo,,Spain
IPhone_Fuerteventura_2025-03-05_14-36-29.jpeg,2025,2025-03-05,14:36:29,28.6745027777778,-14.0093527777778,0.5,El Cotillo,,Spain
IPhone_Fuerteventura_2025-03-05_14-37-24.jpeg,2025,2025-03-05,14:37:24,28.6746194444444,-14.0093583333333,0.68,El Cotillo,,Spain
IPhone_Fuerteventura_2025-03-05_14-37-28.jpeg,2025,2025-03-05,14:37:28,28.6746194444444,-14.0093583333333,0.71,El Cotillo,,Spain
IPhone_Fuerteventura_2025-03-05_14-37-53.jpeg,2025,2025-03-05,14:37:53,28.6746527777778,-14.0093611111111,0.65,El Cotillo,,Spain
IPhone_Fuerteventura_2025-03-05_14-38-24 (2).jpeg,2025,2025-03-05,14:38:24,28.6748333333333,-14.0093444444444,1.39,El Cotillo,,Spain
IPhone_Fuerteventura_2025-03-05_14-38-27.jpeg,2025,2025-03-05,14:38:27,28.6748333333333,-14.0093444444444,1.38,El Cotillo,,Spain
IPhone_Fuerteventura_2025-03-05_14-38-32.jpeg,2025,2025-03-05,14:38:32,28.6748333333333,-14.0093444444444,1.38,El Cotillo,,Spain
IPhone_Fuerteventura_2025-03-05_14-38-47.jpeg,2025,2025-03-05,14:38:47,28.6748361111111,-14.0093472222222,1.37,El Cotillo,,Spain
IPhone_Fuerteventura_2025-03-05_14-38-54.jpeg,2025,2025-03-05,14:38:54,28.6748361111111,-14.0093472222222,1.25,El Cotillo,,Spain
IPhone_Fuerteventura_2025-03-05_14-39-03.jpeg,2025,2025-03-05,14:39:03,28.6748361111111,-14.0093444444444,1.44,El Cotillo,,Spain
IPhone_Fuerteventura_2025-03-05_14-39-06.jpeg,2025,2025-03-05,14:39:06,28.6748361111111,-14.0093472222222,1.41,El Cotillo,,Spain
IPhone_Fuerteventura_2025-03-05_14-39-33.jpeg,2025,2025-03-05,14:39:33,28.6748361111111,-14.0093416666667,0.55,El Cotillo,,Spain
IPhone_Fuerteventura_2025-03-05_14-48-06.jpeg,2025,2025-03-05,14:48:06,28.6757777777778,-14.0080555555556,15.69,El Cotillo,,Spain
IPhone_Fuerteventura_2025-03-05_14-48-08.jpeg,2025,2025-03-05,14:48:08,28.6758083333333,-14.0080916666667,15.53,El Cotillo,,Spain
IPhone_Fuerteventura_2025-03-05_14-52-59.jpeg,2025,2025-03-05,14:52:59,28.6784833333333,-14.0091472222222,18.77,El Cotillo,,Spain
IPhone_Fuerteventura_2025-03-05_14-53-03.jpeg,2025,2025-03-05,14:53:03,28.678475,-14.0091944444444,15.85,El Cotillo,,Spain
IPhone_Fuerteventura_2025-03-05_14-53-10.jpeg,2025,2025-03-05,14:53:10,28.6785166666667,-14.0092666666667,15.8,El Cotillo,,Spain
IPhone_Fuerteventura_2025-03-05_14-53-45.jpeg,2025,2025-03-05,14:53:45,28.6787611111111,-14.0096027777778,25.34,El Cotillo,,Spain
IPhone_Fuerteventura_2025-03-05_14-53-55.jpeg,2025,2025-03-05,14:53:55,28.6786722222222,-14.0094611111111,13.89,El Cotillo,,Spain
IPhone_Fuerteventura_2025-03-05_14-58-16.jpeg,2025,2025-03-05,14:58:16,28.6817361111111,-14.0097972222222,20.45,El Cotillo,,Spain
IPhone_Fuerteventura_2025-03-05_14-58-31.jpeg,2025,2025-03-05,14:58:31,28.6818888888889,-14.0097638888889,20.08,El Cotillo,,Spain
IPhone_Fuerteventura_2025-03-05_14-59-11.jpeg,2025,2025-03-05,14:59:11,28.6823722222222,-14.0097611111111,21.06,El Cotillo,,Spain
IPhone_Fuerteventura_2025-03-05_15-06-52.jpeg,2025,2025-03-05,15:06:52,28.6822972222222,-14.0097222222222,21.37,El Cotillo,,Spain
IPhone_Fuerteventura_2025-03-05_15-11-05.jpeg,2025,2025-03-05,15:11:05,28.6844694444444,-14.0100638888889,14.12,El Cotillo,,Spain
IPhone_Fuerteventura_2025-03-05_15-11-21.jpeg,2025,2025-03-05,15:11:21,28.6846055555556,-14.0101472222222,13.51,El Cotillo,,Spain
IPhone_Fuerteventura_2025-03-05_15-13-50.jpeg,2025,2025-03-05,15:13:50,28.686275,-14.0102777777778,11.5,El Cotillo,,Spain
IPhone_Fuerteventura_2025-03-05_15-33-54.jpeg,2025,2025-03-05,15:33:54,28.6889194444444,-14.0107527777778,15.05,El Cotillo,,Spain
IPhone_Fuerteventura_2025-03-05_15-34-07.jpeg,2025,2025-03-05,15:34:07,28.6891138888889,-14.0108805555556,6.99,El Cotillo,,Spain
IPhone_Fuerteventura_2025-03-05_15-35-31.jpeg,2025,2025-03-05,15:35:31,28.6890277777778,-14.01075,16.11,El Cotillo,,Spain
IPhone_Fuerteventura_2025-03-05_15-35-34.jpeg,2025,2025-03-05,15:35:34,28.6890277777778,-14.01075,16.11,El Cotillo,,Spain
IPhone_Fuerteventura_2025-03-05_15-35-39.jpeg,2025,2025-03-05,15:35:39,28.6888888888889,-14.0106694444444,4.48,El Cotillo,,Spain
IPhone_Fuerteventura_2025-03-05_15-35-45.jpeg,2025,2025-03-05,15:35:45,28.6890194444444,-14.0106638888889,8.61,El Cotillo,,Spain
IPhone_Fuerteventura_2025-03-05_15-35-47.jpeg,2025,2025-03-05,15:35:47,28.6890138888889,-14.01075,8.5,El Cotillo,,Spain
IPhone_Fuerteventura_2025-03-05_16-12-08.jpeg,2025,2025-03-05,16:12:08,28.6891055555556,-14.0108111111111,16.11,El Cotillo,,Spain
IPhone_Fuerteventura_2025-03-05_16-12-15.jpeg,2025,2025-03-05,16:12:15,28.6891,-14.0107916666667,8.7,El Cotillo,,Spain
IPhone_Fuerteventura_2025-03-05_16-16-36.jpeg,2025,2025-03-05,16:16:36,28.6886333333333,-14.0121805555556,14.79,El Cotillo,,Spain
IPhone_Fuerteventura_2025-03-05_16-17-47.jpeg,2025,2025-03-05,16:17:47,28.6885361111111,-14.0125972222222,5.11,El Cotillo,,Spain
IPhone_Fuerteventura_2025-03-05_16-17-54.jpeg,2025,2025-03-05,16:17:54,28.6885722222222,-14.0127805555556,3.37,El Cotillo,,Spain
IPhone_Fuerteventura_2025-03-05_16-25-06.jpeg,2025,2025-03-05,16:25:06,28.6858972222222,-14.0133388888889,4.41,El Cotillo,,Spain
IPhone_Fuerteventura_2025-03-05_16-25-08.jpeg,2025,2025-03-05,16:25:08,28.6859027777778,-14.0133444444444,4.57,El Cotillo,,Spain
IPhone_Fuerteventura_2025-03-05_16-27-26.jpeg,2025,2025-03-05,16:27:26,28.6851805555556,-14.0125166666667,13.09,El Cotillo,,Spain
IPhone_Fuerteventura_2025-03-05_16-30-49.jpeg,2025,2025-03-05,16:30:49,28.6841027777778,-14.0114055555556,7.52,El Cotillo,,Spain
IPhone_Fuerteventura_2025-03-05_16-37-03.jpeg,2025,2025-03-05,16:37:03,28.6828861111111,-14.0131055555556,6.16,El Cotillo,,Spain
IPhone_Fuerteventura_2025-03-05_16-40-15.jpeg,2025,2025-03-05,16:40:15,28.6825083333333,-14.01225,23.85,,,
IPhone_Fuerteventura_2025-03-05_16-43-05.jpeg,2025,2025-03-05,16:43:05,28.6813805555556,-14.0111916666667,13.6,El Cotillo,,Spain
IPhone_Fuerteventura_2025-03-05_16-47-14.jpeg,2025,2025-03-05,16:47:14,28.6808638888889,-14.0096638888889,20.33,El Cotillo,,Spain
IPhone_Fuerteventura_2025-03-05_17-05-20.jpeg,2025,2025-03-05,17:05:20,28.6808972222222,-14.0086472222222,28.87,El Cotillo,,Spain
IPhone_Fuerteventura_2025-03-05_17-05-25.jpeg,2025,2025-03-05,17:05:25,28.6808666666667,-14.0084222222222,20.53,El Cotillo,,Spain
IPhone_Fuerteventura_2025-03-05_17-05-31.jpeg,2025,2025-03-05,17:05:31,28.6808944444444,-14.008375,20.29,El Cotillo,,Spain
IPhone_Fuerteventura_2025-03-05_17-30-07.jpeg,2025,2025-03-05,17:30:07,28.6793388888889,-13.9343333333333,80.34,Lajares,,Spain
IPhone_Fuerteventura_2025-03-05_17-30-17.jpeg,2025,2025-03-05,17:30:17,28.6792944444444,-13.9344638888889,71.91,Lajares,,Spain
IPhone_Fuerteventura_2025-03-05_17-30-24.jpeg,2025,2025-03-05,17:30:24,28.6793694444444,-13.9344944444444,71.87,Lajares,,Spain
IPhone_Fuerteventura_2025-03-05_17-34-30.jpeg,2025,2025-03-05,17:34:30,28.6788722222222,-13.9367444444444,80.34,Lajares,,Spain
IPhone_Fuerteventura_2025-03-05_17-54-56.jpeg,2025,2025-03-05,17:54:56,28.6785055555556,-13.9381583333333,80.34,Lajares,,Spain
IPhone_Fuerteventura_2025-03-05_17-55-15.jpeg,2025,2025-03-05,17:55:15,28.6785055555556,-13.9381944444444,80.34,Lajares,,Spain
IPhone_Fuerteventura_2025-03-05_18-11-14.jpeg,2025,2025-03-05,18:11:14,28.6792055555556,-13.9418138888889,61.49,Lajares,,Spain
IPhone_Fuerteventura_2025-03-06_08-58-49.jpeg,2025,2025-03-06,08:58:49,28.7309111111111,-13.8603138888889,3.95,Corralejo,,Spain
IPhone_Fuerteventura_2025-03-06_08-58-50.jpeg,2025,2025-03-06,08:58:50,28.7309361111111,-13.8603138888889,3.92,Corralejo,,Spain
IPhone_Fuerteventura_2025-03-06_08-59-15.jpeg,2025,2025-03-06,08:59:15,28.7310916666667,-13.8603472222222,3.46,Corralejo,,Spain
IPhone_Fuerteventura_2025-03-06_12-22-54.jpeg,2025,2025-03-06,12:22:54,28.7319138888889,-13.8596722222222,5.86,Corralejo Playa,,Spain
IPhone_Fuerteventura_2025-03-06_12-23-07.jpeg,2025,2025-03-06,12:23:07,28.7320472222222,-13.8594861111111,1.91,Corralejo Playa,,Spain
IPhone_Fuerteventura_2025-03-06_12-24-05.jpeg,2025,2025-03-06,12:24:05,28.73205,-13.8589444444444,2.32,Corralejo Playa,,Spain
IPhone_Fuerteventura_2025-03-06_12-24-27.jpeg,2025,2025-03-06,12:24:27,28.7320944444444,-13.8588888888889,2.23,Corralejo Playa,,Spain
IPhone_Fuerteventura_2025-03-06_12-29-14.jpeg,2025,2025-03-06,12:29:14,28.7301888888889,-13.8563888888889,11.83,Corralejo Playa,,Spain
IPhone_Fuerteventura_2025-03-06_13-00-03.jpeg,2025,2025-03-06,13:00:03,28.7239388888889,-13.8419444444444,1.12,La Oliva,,Spain
IPhone_Fuerteventura_2025-03-06_13-00-05.jpeg,2025,2025-03-06,13:00:05,28.7239277777778,-13.8419444444444,1.01,La Oliva,,Spain
IPhone_Fuerteventura_2025-03-06_13-00-07.jpeg,2025,2025-03-06,13:00:07,28.7239111111111,-13.8419527777778,1.11,La Oliva,,Spain
IPhone_Fuerteventura_2025-03-06_13-00-10.jpeg,2025,2025-03-06,13:00:10,28.7238722222222,-13.8419694444444,1.34,La Oliva,,Spain
IPhone_Fuerteventura_2025-03-06_13-04-29.jpeg,2025,2025-03-06,13:04:29,28.7212638888889,-13.8416333333333,4.92,La Oliva,,Spain
IPhone_Fuerteventura_2025-03-06_13-13-42.jpeg,2025,2025-03-06,13:13:42,28.7206305555556,-13.8421638888889,3.81,La Oliva,,Spain
IPhone_Fuerteventura_2025-03-06_13-22-19.jpeg,2025,2025-03-06,13:22:19,28.7205777777778,-13.8421444444444,1.0,La Oliva,,Spain
IPhone_Fuerteventura_2025-03-06_13-38-08.jpeg,2025,2025-03-06,13:38:08,28.72015,-13.840775,0.86,La Oliva,,Spain
IPhone_Fuerteventura_2025-03-06_13-38-11.jpeg,2025,2025-03-06,13:38:11,28.7201527777778,-13.8407694444444,0.8,La Oliva,,Spain
IPhone_Fuerteventura_2025-03-06_13-43-07.jpeg,2025,2025-03-06,13:43:07,28.7180388888889,-13.8400055555556,3.61,La Oliva,,Spain
IPhone_Fuerteventura_2025-03-06_13-44-41.jpeg,2025,2025-03-06,13:44:41,28.7174722222222,-13.8392361111111,2.01,La Oliva,,Spain
IPhone_Fuerteventura_2025-03-06_13-46-21.jpeg,2025,2025-03-06,13:46:21,28.71675,-13.8389861111111,2.21,La Oliva,,Spain
IPhone_Fuerteventura_2025-03-06_13-56-02.jpeg,2025,2025-03-06,13:56:02,28.7122611111111,-13.837025,11.19,La Oliva,,Spain
IPhone_Fuerteventura_2025-03-06_14-01-36.jpeg,2025,2025-03-06,14:01:36,28.7108972222222,-13.8396555555556,5.61,La Oliva,,Spain
IPhone_Fuerteventura_2025-03-06_14-14-17.jpeg,2025,2025-03-06,14:14:17,28.7117916666667,-13.8445388888889,12.77,La Oliva,,Spain
IPhone_Fuerteventura_2025-03-06_14-14-20.jpeg,2025,2025-03-06,14:14:20,28.7118166666667,-13.8445527777778,12.07,La Oliva,,Spain
IPhone_Fuerteventura_2025-03-06_14-14-22.jpeg,2025,2025-03-06,14:14:22,28.7118444444444,-13.8445611111111,12.63,La Oliva,,Spain
IPhone_Fuerteventura_2025-03-06_14-14-23.jpeg,2025,2025-03-06,14:14:23,28.71185,-13.8445638888889,12.75,La Oliva,,Spain
IPhone_Fuerteventura_2025-03-06_14-14-38.jpeg,2025,2025-03-06,14:14:38,28.7118972222222,-13.84455,12.37,La Oliva,,Spain
IPhone_Fuerteventura_2025-03-06_14-14-39.jpeg,2025,2025-03-06,14:14:39,28.7119027777778,-13.8445444444444,12.52,La Oliva,,Spain
IPhone_Fuerteventura_2025-03-06_14-14-42.jpeg,2025,2025-03-06,14:14:42,28.7119138888889,-13.8445194444444,13.07,La Oliva,,Spain
IPhone_Fuerteventura_2025-03-06_14-14-46.jpeg,2025,2025-03-06,14:14:46,28.7119333333333,-13.8445111111111,13.31,La Oliva,,Spain
IPhone_Fuerteventura_2025-03-06_14-16-01.jpeg,2025,2025-03-06,14:16:01,28.7120777777778,-13.8444194444444,17.18,La Oliva,,Spain
IPhone_Fuerteventura_2025-03-06_14-16-11.jpeg,2025,2025-03-06,14:16:11,28.7120666666667,-13.8444194444444,17.07,La Oliva,,Spain
IPhone_Fuerteventura_2025-03-06_14-16-17.jpeg,2025,2025-03-06,14:16:17,28.7120722222222,-13.8444194444444,16.9,La Oliva,,Spain
IPhone_Fuerteventura_2025-03-06_14-16-24.jpeg,2025,2025-03-06,14:16:24,28.7120722222222,-13.8444138888889,16.79,La Oliva,,Spain
IPhone_Fuerteventura_2025-03-06_14-16-27.jpeg,2025,2025-03-06,14:16:27,28.7120777777778,-13.8444194444444,16.85,La Oliva,,Spain
IPhone_Fuerteventura_2025-03-06_14-16-31.jpeg,2025,2025-03-06,14:16:31,28.7120694444444,-13.8444222222222,16.89,La Oliva,,Spain
IPhone_Fuerteventura_2025-03-06_14-18-07.jpeg,2025,2025-03-06,14:18:07,28.7120694444444,-13.8444166666667,16.96,La Oliva,,Spain
IPhone_Fuerteventura_2025-03-06_14-18-09.jpeg,2025,2025-03-06,14:18:09,28.7120666666667,-13.8444138888889,16.94,La Oliva,,Spain
IPhone_Fuerteventura_2025-03-06_14-18-17.jpeg,2025,2025-03-06,14:18:17,28.7120694444444,-13.8444166666667,16.93,La Oliva,,Spain
IPhone_Fuerteventura_2025-03-06_14-18-41.jpeg,2025,2025-03-06,14:18:41,28.7120694444444,-13.8444277777778,16.87,La Oliva,,Spain
IPhone_Fuerteventura_2025-03-06_14-18-48.jpeg,2025,2025-03-06,14:18:48,28.7120777777778,-13.8444277777778,16.83,La Oliva,,Spain
IPhone_Fuerteventura_2025-03-06_14-18-53.jpeg,2025,2025-03-06,14:18:53,28.7120694444444,-13.8444333333333,16.78,La Oliva,,Spain
IPhone_Fuerteventura_2025-03-06_14-19-10.jpeg,2025,2025-03-06,14:19:10,28.7120638888889,-13.8444194444444,16.8,La Oliva,,Spain
IPhone_Fuerteventura_2025-03-06_14-19-25.jpeg,2025,2025-03-06,14:19:25,28.7120638888889,-13.8444194444444,16.92,La Oliva,,Spain
IPhone_Fuerteventura_2025-03-06_14-19-29.jpeg,2025,2025-03-06,14:19:29,28.7120694444444,-13.8444138888889,16.74,La Oliva,,Spain
IPhone_Fuerteventura_2025-03-06_14-19-31.jpeg,2025,2025-03-06,14:19:31,28.7120666666667,-13.8444138888889,16.79,La Oliva,,Spain
IPhone_Fuerteventura_2025-03-06_14-19-46.jpeg,2025,2025-03-06,14:19:46,28.7120638888889,-13.8444138888889,16.81,La Oliva,,Spain
IPhone_Fuerteventura_2025-03-06_14-20-01.jpeg,2025,2025-03-06,14:20:01,28.7120666666667,-13.844425,16.75,La Oliva,,Spain
IPhone_Fuerteventura_2025-03-06_14-20-31.jpeg,2025,2025-03-06,14:20:31,28.7120638888889,-13.8444194444444,16.97,La Oliva,,Spain
IPhone_Fuerteventura_2025-03-06_14-20-37.jpeg,2025,2025-03-06,14:20:37,28.7120638888889,-13.8444222222222,16.96,La Oliva,,Spain
IPhone_Fuerteventura_2025-03-06_14-20-44.jpeg,2025,2025-03-06,14:20:44,28.7120638888889,-13.8444222222222,17.19,La Oliva,,Spain
IPhone_Fuerteventura_2025-03-06_14-23-37.jpeg,2025,2025-03-06,14:23:37,28.7120666666667,-13.8444138888889,14.07,La Oliva,,Spain
IPhone_Fuerteventura_2025-03-06_14-23-57.jpeg,2025,2025-03-06,14:23:57,28.7120638888889,-13.8444083333333,17.1,La Oliva,,Spain
IPhone_Fuerteventura_2025-03-06_14-24-20.jpeg,2025,2025-03-06,14:24:20,28.7120555555556,-13.8444083333333,16.75,La Oliva,,Spain
IPhone_Fuerteventura_2025-03-06_14-24-43.jpeg,2025,2025-03-06,14:24:43,28.7120694444444,-13.8444083333333,15.35,La Oliva,,Spain
IPhone_Fuerteventura_2025-03-06_14-24-45.jpeg,2025,2025-03-06,14:24:45,28.7120777777778,-13.8444055555556,15.38,La Oliva,,Spain
IPhone_Fuerteventura_2025-03-06_14-24-55.jpeg,2025,2025-03-06,14:24:55,28.7120555555556,-13.8444027777778,15.77,La Oliva,,Spain
IPhone_Fuerteventura_2025-03-06_14-26-00.jpeg,2025,2025-03-06,14:26:00,28.7120305555556,-13.8444277777778,13.26,La Oliva,,Spain
IPhone_Fuerteventura_2025-03-06_14-28-09.jpeg,2025,2025-03-06,14:28:09,28.7121472222222,-13.8437694444444,19.21,La Oliva,,Spain
IPhone_Fuerteventura_2025-03-06_14-31-25.jpeg,2025,2025-03-06,14:31:25,28.7114083333333,-13.8429694444444,8.07,La Oliva,,Spain
IPhone_Fuerteventura_2025-03-06_14-34-02.jpeg,2025,2025-03-06,14:34:02,28.7109083333333,-13.8429472222222,5.67,La Oliva,,Spain
IPhone_Fuerteventura_2025-03-06_14-46-26.jpeg,2025,2025-03-06,14:46:26,28.7104444444444,-13.8422888888889,5.86,La Oliva,,Spain
IPhone_Fuerteventura_2025-03-06_14-46-51.jpeg,2025,2025-03-06,14:46:51,28.7105055555556,-13.8420777777778,5.53,La Oliva,,Spain
IPhone_Fuerteventura_2025-03-06_14-48-02.jpeg,2025,2025-03-06,14:48:02,28.7104861111111,-13.8422444444444,6.8,La Oliva,,Spain
IPhone_Fuerteventura_2025-03-06_14-48-08.jpeg,2025,2025-03-06,14:48:08,28.7104694444444,-13.8424416666667,5.76,La Oliva,,Spain
IPhone_Fuerteventura_2025-03-06_14-48-13.jpeg,2025,2025-03-06,14:48:13,28.7104388888889,-13.8426861111111,5.44,La Oliva,,Spain
IPhone_Fuerteventura_2025-03-06_14-48-23.jpeg,2025,2025-03-06,14:48:23,28.7104555555556,-13.8426055555556,11.56,La Oliva,,Spain
IPhone_Fuerteventura_2025-03-06_15-28-10.jpeg,2025,2025-03-06,15:28:10,28.7138222222222,-13.8381111111111,4.33,La Oliva,,Spain
IPhone_Fuerteventura_2025-03-06_15-28-19.jpeg,2025,2025-03-06,15:28:19,28.7142638888889,-13.8380277777778,2.19,La Oliva,,Spain
IPhone_Fuerteventura_2025-03-06_15-33-10.jpeg,2025,2025-03-06,15:33:10,28.7142083333333,-13.8383055555556,6.23,La Oliva,,Spain
IPhone_Fuerteventura_2025-03-06_15-46-03.jpeg,2025,2025-03-06,15:46:03,28.7223444444444,-13.8420138888889,1.54,La Oliva,,Spain
IPhone_Fuerteventura_2025-03-06_15-46-07.jpeg,2025,2025-03-06,15:46:07,28.7223388888889,-13.8420111111111,1.08,La Oliva,,Spain
IPhone_Fuerteventura_2025-03-06_18-20-58.jpeg,2025,2025-03-06,18:20:58,28.7388916666667,-13.8683472222222,8.92,Corralejo,,Spain
IPhone_Fuerteventura_2025-03-06_18-40-23.jpeg,2025,2025-03-06,18:40:23,28.742,-13.8642805555556,2.83,Corralejo,,Spain
IPhone_Fuerteventura_2025-03-06_18-40-27.jpeg,2025,2025-03-06,18:40:27,28.7420055555556,-13.8642777777778,2.78,Corralejo,,Spain
IPhone_Fuerteventura_2025-03-07_12-11-23.jpeg,2025,2025-03-07,12:11:23,28.7357611111111,-13.8697111111111,14.47,Corralejo,,Spain
IPhone_Fuerteventura_2025-03-07_12-11-26.jpeg,2025,2025-03-07,12:11:26,28.7357666666667,-13.8697333333333,14.71,Corralejo,,Spain
IPhone_Fuerteventura_2025-03-07_12-11-31.jpeg,2025,2025-03-07,12:11:31,28.7357694444444,-13.8697444444444,6.11,Corralejo,,Spain
IPhone_Fuerteventura_2025-03-07_12-12-25.jpeg,2025,2025-03-07,12:12:25,28.7358111111111,-13.869875,13.27,Corralejo,,Spain
IPhone_Fuerteventura_2025-03-07_12-12-32.jpeg,2025,2025-03-07,12:12:32,28.7357972222222,-13.8698861111111,12.93,Corralejo,,Spain
IPhone_Fuerteventura_2025-03-07_12-13-00.jpeg,2025,2025-03-07,12:13:00,28.7357361111111,-13.8695722222222,14.91,Corralejo,,Spain
IPhone_Fuerteventura_2025-03-07_12-16-30.jpeg,2025,2025-03-07,12:16:30,28.7357972222222,-13.8699194444444,14.92,Corralejo,,Spain
IPhone_Fuerteventura_2025-03-07_12-38-24.jpeg,2025,2025-03-07,12:38:24,28.7358,-13.8679111111111,6.89,Corralejo,,Spain
IPhone_Fuerteventura_2025-03-07_12-42-01.jpeg,2025,2025-03-07,12:42:01,28.7339944444444,-13.8666888888889,1.83,Corralejo Playa,,Spain
IPhone_Fuerteventura_2025-03-07_13-21-53.jpeg,2025,2025-03-07,13:21:53,28.7266444444444,-13.8514222222222,6.05,Corralejo Playa,,Spain
IPhone_Fuerteventura_2025-03-07_13-21-55.jpeg,2025,2025-03-07,13:21:55,28.7266166666667,-13.8513694444444,4.26,Corralejo Playa,,Spain
IPhone_Fuerteventura_2025-03-07_13-22-17.jpeg,2025,2025-03-07,13:22:17,28.7265277777778,-13.8511694444444,20.36,Corralejo Playa,,Spain
IPhone_Fuerteventura_2025-03-07_13-22-19.jpeg,2025,2025-03-07,13:22:19,28.7265055555556,-13.8511861111111,4.85,Corralejo Playa,,Spain
IPhone_Fuerteventura_2025-03-07_13-35-50.jpeg,2025,2025-03-07,13:35:50,28.7273277777778,-13.8455694444444,4.01,Corralejo Playa,,Spain
IPhone_Fuerteventura_2025-03-07_13-43-57.jpeg,2025,2025-03-07,13:43:57,28.7258,-13.8421722222222,1.71,La Oliva,,Spain
IPhone_Fuerteventura_2025-03-07_13-44-06.jpeg,2025,2025-03-07,13:44:06,28.7258055555556,-13.8421805555556,2.07,La Oliva,,Spain
IPhone_Fuerteventura_2025-03-07_13-44-29.jpeg,2025,2025-03-07,13:44:29,28.7258,-13.8421777777778,2.44,La Oliva,,Spain
IPhone_Fuerteventura_2025-03-07_13-45-07.jpeg,2025,2025-03-07,13:45:07,28.7258055555556,-13.8421694444444,2.6,La Oliva,,Spain
IPhone_Fuerteventura_2025-03-07_13-47-32.jpeg,2025,2025-03-07,13:47:32,28.7256166666667,-13.8420805555556,2.39,La Oliva,,Spain
IPhone_Fuerteventura_2025-03-07_13-48-33.jpeg,2025,2025-03-07,13:48:33,28.7257194444444,-13.8419138888889,1.58,La Oliva,,Spain
IPhone_Fuerteventura_2025-03-07_13-50-30.jpeg,2025,2025-03-07,13:50:30,28.7257222222222,-13.841875,2.29,La Oliva,,Spain
IPhone_Fuerteventura_2025-03-07_13-50-41.jpeg,2025,2025-03-07,13:50:41,28.7257416666667,-13.8418472222222,2.38,La Oliva,,Spain
IPhone_Fuerteventura_2025-03-07_13-51-07.jpeg,2025,2025-03-07,13:51:07,28.7257472222222,-13.8418583333333,0.99,La Oliva,,Spain
IPhone_Fuerteventura_2025-03-07_13-51-08.jpeg,2025,2025-03-07,13:51:08,28.7257472222222,-13.8418527777778,1.48,La Oliva,,Spain
IPhone_Fuerteventura_2025-03-07_13-51-09.jpeg,2025,2025-03-07,13:51:09,28.7257472222222,-13.8418527777778,1.49,La Oliva,,Spain
IPhone_Fuerteventura_2025-03-07_13-51-10.jpeg,2025,2025-03-07,13:51:10,28.7257444444444,-13.8418527777778,2.07,La Oliva,,Spain
IPhone_Fuerteventura_2025-03-07_13-51-11.jpeg,2025,2025-03-07,13:51:11,28.7257472222222,-13.8418555555556,2.22,,,
IPhone_Fuerteventura_2025-03-07_13-51-13.jpeg,2025,2025-03-07,13:51:13,28.7257444444444,-13.8418527777778,2.69,La Oliva,,Spain
IPhone_Fuerteventura_2025-03-07_13-55-54.jpeg,2025,2025-03-07,13:55:54,28.7242666666667,-13.8419277777778,1.67,La Oliva,,Spain
IPhone_Fuerteventura_2025-03-07_13-55-57.jpeg,2025,2025-03-07,13:55:57,28.7242555555556,-13.8419111111111,1.94,La Oliva,,Spain
IPhone_Fuerteventura_2025-03-07_13-56-01.jpeg,2025,2025-03-07,13:56:01,28.7242472222222,-13.8418944444444,1.91,La Oliva,,Spain
IPhone_Fuerteventura_2025-03-07_13-56-06.jpeg,2025,2025-03-07,13:56:06,28.7242138888889,-13.8418611111111,2.1,La Oliva,,Spain
IPhone_Fuerteventura_2025-03-07_13-57-28.jpeg,2025,2025-03-07,13:57:28,28.7242305555556,-13.8419416666667,2.13,La Oliva,,Spain
IPhone_Fuerteventura_2025-03-07_13-57-31.jpeg,2025,2025-03-07,13:57:31,28.7242222222222,-13.8419305555556,2.72,La Oliva,,Spain
IPhone_Fuerteventura_2025-03-07_13-57-33.jpeg,2025,2025-03-07,13:57:33,28.7242194444444,-13.8419305555556,2.8,La Oliva,,Spain
IPhone_Fuerteventura_2025-03-07_13-57-39.jpeg,2025,2025-03-07,13:57:39,28.7242027777778,-13.8419333333333,2.86,La Oliva,,Spain
IPhone_Fuerteventura_2025-03-07_13-57-40.jpeg,2025,2025-03-07,13:57:40,28.7242027777778,-13.8419333333333,2.84,La Oliva,,Spain
IPhone_Fuerteventura_2025-03-07_13-57-44.jpeg,2025,2025-03-07,13:57:44,28.7242027777778,-13.8419333333333,2.76,La Oliva,,Spain
IPhone_Fuerteventura_2025-03-07_13-57-56.jpeg,2025,2025-03-07,13:57:56,28.7242194444444,-13.8419555555556,3.27,La Oliva,,Spain
IPhone_Fuerteventura_2025-03-07_13-57-59.jpeg,2025,2025-03-07,13:57:59,28.7242277777778,-13.84195,3.24,La Oliva,,Spain
IPhone_Fuerteventura_2025-03-07_13-58-04.jpeg,2025,2025-03-07,13:58:04,28.7242222222222,-13.8419444444444,3.21,La Oliva,,Spain
IPhone_Fuerteventura_2025-03-07_13-58-06.jpeg,2025,2025-03-07,13:58:06,28.7242194444444,-13.8419388888889,2.98,La Oliva,,Spain
IPhone_Fuerteventura_2025-03-07_13-58-10.jpeg,2025,2025-03-07,13:58:10,28.7242166666667,-13.8419444444444,2.79,La Oliva,,Spain
IPhone_Fuerteventura_2025-03-07_13-58-14.jpeg,2025,2025-03-07,13:58:14,28.7242138888889,-13.8419611111111,2.52,La Oliva,,Spain
IPhone_Fuerteventura_2025-03-07_14-00-14.jpeg,2025,2025-03-07,14:00:14,28.7233888888889,-13.842025,2.31,La Oliva,,Spain
IPhone_Fuerteventura_2025-03-07_14-00-18.jpeg,2025,2025-03-07,14:00:18,28.7233805555556,-13.8420194444444,1.88,La Oliva,,Spain
IPhone_Fuerteventura_2025-03-07_14-00-20.jpeg,2025,2025-03-07,14:00:20,28.7233694444444,-13.8420138888889,2.33,La Oliva,,Spain
IPhone_Fuerteventura_2025-03-07_14-02-22.jpeg,2025,2025-03-07,14:02:22,28.7224083333333,-13.8419444444444,1.14,La Oliva,,Spain
IPhone_Fuerteventura_2025-03-07_14-05-24.jpeg,2025,2025-03-07,14:05:24,28.7217111111111,-13.8417805555556,1.73,La Oliva,,Spain
IPhone_Fuerteventura_2025-03-07_14-05-31.jpeg,2025,2025-03-07,14:05:31,28.7216972222222,-13.8417666666667,1.72,La Oliva,,Spain
IPhone_Fuerteventura_2025-03-07_14-05-33.jpeg,2025,2025-03-07,14:05:33,28.7216972222222,-13.8417638888889,1.71,La Oliva,,Spain
IPhone_Fuerteventura_2025-03-07_14-05-35.jpeg,2025,2025-03-07,14:05:35,28.7216972222222,-13.8417638888889,1.48,La Oliva,,Spain
IPhone_Fuerteventura_2025-03-07_14-07-17.jpeg,2025,2025-03-07,14:07:17,28.7211222222222,-13.8414472222222,3.22,La Oliva,,Spain
IPhone_Fuerteventura_2025-03-07_14-07-36.jpeg,2025,2025-03-07,14:07:36,28.7211305555556,-13.84145,1.45,La Oliva,,Spain
IPhone_Fuerteventura_2025-03-07_14-15-16.jpeg,2025,2025-03-07,14:15:16,28.7207444444444,-13.8423388888889,3.41,La Oliva,,Spain
IPhone_Fuerteventura_2025-03-07_14-15-53.jpeg,2025,2025-03-07,14:15:53,28.7229916666667,-13.8458138888889,3.57,La Oliva,,Spain
IPhone_Fuerteventura_2025-03-07_14-16-01.jpeg,2025,2025-03-07,14:16:01,28.7206361111111,-13.8421472222222,4.35,La Oliva,,Spain
IPhone_Fuerteventura_2025-03-07_14-31-59.jpeg,2025,2025-03-07,14:31:59,28.7206416666667,-13.8419777777778,0.87,La Oliva,,Spain
IPhone_Fuerteventura_2025-03-07_14-32-02.jpeg,2025,2025-03-07,14:32:02,28.7206083333333,-13.8421083333333,2.59,La Oliva,,Spain
IPhone_Fuerteventura_2025-03-07_14-53-25.jpeg,2025,2025-03-07,14:53:25,28.7166555555556,-13.8389222222222,2.7,La Oliva,,Spain
IPhone_Fuerteventura_2025-03-07_14-57-29.jpeg,2025,2025-03-07,14:57:29,28.7144527777778,-13.8380611111111,1.04,La Oliva,,Spain
IPhone_Fuerteventura_2025-03-07_14-58-52.jpeg,2025,2025-03-07,14:58:52,28.71415,-13.8379694444444,2.14,La Oliva,,Spain
IPhone_Fuerteventura_2025-03-07_14-58-56.jpeg,2025,2025-03-07,14:58:56,28.7141694444444,-13.8379694444444,2.12,La Oliva,,Spain
IPhone_Fuerteventura_2025-03-07_15-05-25.jpeg,2025,2025-03-07,15:05:25,28.7120833333333,-13.8370944444444,3.59,La Oliva,,Spain
IPhone_Fuerteventura_2025-03-07_15-08-22.jpeg,2025,2025-03-07,15:08:22,28.7116055555556,-13.8382055555556,6.88,La Oliva,,Spain
IPhone_Fuerteventura_2025-03-07_15-09-40.jpeg,2025,2025-03-07,15:09:40,28.7107277777778,-13.8379722222222,1.93,La Oliva,,Spain
IPhone_Fuerteventura_2025-03-07_15-09-49.jpeg,2025,2025-03-07,15:09:49,28.7107277777778,-13.8379833333333,2.03,La Oliva,,Spain
IPhone_Fuerteventura_2025-03-07_15-10-27.jpeg,2025,2025-03-07,15:10:27,28.7107027777778,-13.8379861111111,2.99,La Oliva,,Spain
IPhone_Fuerteventura_2025-03-07_15-10-29.jpeg,2025,2025-03-07,15:10:29,28.7104027777778,-13.8380027777778,1.26,La Oliva,,Spain
IPhone_Fuerteventura_2025-03-07_15-10-38.jpeg,2025,2025-03-07,15:10:38,28.7104222222222,-13.8379944444444,1.43,La Oliva,,Spain
IPhone_Fuerteventura_2025-03-07_15-10-40.jpeg,2025,2025-03-07,15:10:40,28.7104277777778,-13.8379944444444,1.41,La Oliva,,Spain
IPhone_Fuerteventura_2025-03-07_15-11-35.jpeg,2025,2025-03-07,15:11:35,28.7102055555556,-13.8379916666667,1.74,La Oliva,,Spain
IPhone_Fuerteventura_2025-03-07_15-14-22.jpeg,2025,2025-03-07,15:14:22,28.7093833333333,-13.8378833333333,1.43,La Oliva,,Spain
IPhone_Fuerteventura_2025-03-07_15-14-38.jpeg,2025,2025-03-07,15:14:38,28.7093361111111,-13.8378805555556,2.42,La Oliva,,Spain
IPhone_Fuerteventura_2025-03-07_15-14-42.jpeg,2025,2025-03-07,15:14:42,28.7093055555556,-13.8379027777778,1.58,La Oliva,,Spain
IPhone_Fuerteventura_2025-03-07_15-16-12.jpeg,2025,2025-03-07,15:16:12,28.7087888888889,-13.8377972222222,1.0,La Oliva,,Spain
IPhone_Fuerteventura_2025-03-07_15-16-15.jpeg,2025,2025-03-07,15:16:15,28.7087916666667,-13.8377972222222,1.47,La Oliva,,Spain
IPhone_Fuerteventura_2025-03-07_15-16-18.jpeg,2025,2025-03-07,15:16:18,28.7088416666667,-13.8378277777778,1.6,La Oliva,,Spain
IPhone_Fuerteventura_2025-03-07_15-16-21.jpeg,2025,2025-03-07,15:16:21,28.7088472222222,-13.8378305555556,1.67,La Oliva,,Spain
IPhone_Fuerteventura_2025-03-07_15-19-09.jpeg,2025,2025-03-07,15:19:09,28.7075944444444,-13.8375527777778,2.31,La Oliva,,Spain
IPhone_Fuerteventura_2025-03-07_15-21-06.jpeg,2025,2025-03-07,15:21:06,28.7075277777778,-13.8374638888889,3.58,La Oliva,,Spain
IPhone_Fuerteventura_2025-03-07_15-21-13.jpeg,2025,2025-03-07,15:21:13,28.7067805555556,-13.8372472222222,1.33,La Oliva,,Spain
IPhone_Fuerteventura_2025-03-07_15-21-17.jpeg,2025,2025-03-07,15:21:17,28.7068,-13.8372527777778,1.84,La Oliva,,Spain
IPhone_Fuerteventura_2025-03-07_15-42-02.jpeg,2025,2025-03-07,15:42:02,28.7108944444444,-13.8384361111111,7.4,La Oliva,,Spain
IPhone_Fuerteventura_2025-03-07_15-42-05.jpeg,2025,2025-03-07,15:42:05,28.7110305555556,-13.8387138888889,4.63,La Oliva,,Spain
IPhone_Fuerteventura_2025-03-07_15-55-48.jpeg,2025,2025-03-07,15:55:48,28.7105861111111,-13.8422138888889,6.73,La Oliva,,Spain
IPhone_Fuerteventura_2025-03-07_15-56-00.jpeg,2025,2025-03-07,15:56:00,28.7106305555556,-13.8424444444444,5.79,La Oliva,,Spain
IPhone_Fuerteventura_2025-03-07_15-56-18.jpeg,2025,2025-03-07,15:56:18,28.7107472222222,-13.8426027777778,7.4,La Oliva,,Spain
IPhone_Fuerteventura_2025-03-07_16-39-32.jpeg,2025,2025-03-07,16:39:32,28.7118277777778,-13.8381194444444,5.47,La Oliva,,Spain
IPhone_Fuerteventura_2025-03-07_16-44-39.jpeg,2025,2025-03-07,16:44:39,28.7136166666667,-13.8375527777778,1.4,La Oliva,,Spain
IPhone_Fuerteventura_2025-03-07_16-46-06.jpeg,2025,2025-03-07,16:46:06,28.7143638888889,-13.8381055555556,1.85,La Oliva,,Spain
IPhone_Fuerteventura_2025-03-07_16-46-08.jpeg,2025,2025-03-07,16:46:08,28.7143611111111,-13.8381138888889,1.75,La Oliva,,Spain
IPhone_Fuerteventura_2025-03-07_16-47-23.jpeg,2025,2025-03-07,16:47:23,28.715025,-13.8383638888889,3.91,La Oliva,,Spain
IPhone_Fuerteventura_2025-03-07_16-56-21.jpeg,2025,2025-03-07,16:56:21,28.7200138888889,-13.8406638888889,1.27,La Oliva,,Spain
IPhone_Fuerteventura_2025-03-07_16-56-23.jpeg,2025,2025-03-07,16:56:23,28.7199972222222,-13.8406805555556,1.32,La Oliva,,Spain
IPhone_Fuerteventura_2025-03-07_16-56-33.jpeg,2025,2025-03-07,16:56:33,28.7199638888889,-13.840675,1.02,La Oliva,,Spain
IPhone_Fuerteventura_2025-03-07_16-56-48.jpeg,2025,2025-03-07,16:56:48,28.7199611111111,-13.8406722222222,1.19,La Oliva,,Spain
IPhone_Fuerteventura_2025-03-07_16-56-51.jpeg,2025,2025-03-07,16:56:51,28.7199388888889,-13.8406666666667,1.39,La Oliva,,Spain
IPhone_Fuerteventura_2025-03-07_16-58-42.jpeg,2025,2025-03-07,16:58:42,28.7208638888889,-13.8413722222222,2.62,La Oliva,,Spain
IPhone_Fuerteventura_2025-03-07_16-58-51.jpeg,2025,2025-03-07,16:58:51,28.7208916666667,-13.8413972222222,2.88,La Oliva,,Spain
IPhone_Fuerteventura_2025-03-07_17-02-27.jpeg,2025,2025-03-07,17:02:27,28.7223888888889,-13.8420222222222,0.42,La Oliva,,Spain
IPhone_Fuerteventura_2025-03-07_17-02-33.jpeg,2025,2025-03-07,17:02:33,28.7224,-13.8419861111111,0.86,La Oliva,,Spain
IPhone_Fuerteventura_2025-03-07_17-19-32.jpeg,2025,2025-03-07,17:19:32,28.7269361111111,-13.8479472222222,4.71,Corralejo Playa,,Spain
IPhone_Fuerteventura_2025-03-07_17-24-01.jpeg,2025,2025-03-07,17:24:01,28.7267972222222,-13.8495833333333,5.47,Corralejo Playa,,Spain
IPhone_Fuerteventura_2025-03-07_17-34-08.jpeg,2025,2025-03-07,17:34:08,28.728075,-13.8549805555556,7.64,Corralejo,,Spain
IPhone_Fuerteventura_2025-03-07_17-37-04.jpeg,2025,2025-03-07,17:37:04,28.7300527777778,-13.8559722222222,3.17,Corralejo,,Spain
IPhone_Fuerteventura_2025-03-07_17-43-09.jpeg,2025,2025-03-07,17:43:09,28.7318222222222,-13.8597444444444,2.4,Corralejo Playa,,Spain
IPhone_Fuerteventura_2025-03-07_17-43-55.jpeg,2025,2025-03-07,17:43:55,28.7314194444444,-13.8600333333333,3.63,Corralejo,,Spain
IPhone_Fuerteventura_2025-03-07_17-44-30.jpeg,2025,2025-03-07,17:44:30,28.7314472222222,-13.8596472222222,4.81,Corralejo,,Spain
IPhone_Fuerteventura_2025-03-07_17-44-48.jpeg,2025,2025-03-07,17:44:48,28.7315777777778,-13.8595166666667,5.97,Corralejo,,Spain
IPhone_Fuerteventura_2025-03-07_18-43-22.jpeg,2025,2025-03-07,18:43:22,28.7373222222222,-13.8672638888889,5.49,Corralejo,,Spain
IPhone_Fuerteventura_2025-03-08_07-25-28.jpeg,2025,2025-03-08,07:25:28,28.7315333333333,-13.8599777777778,3.36,Corralejo,,Spain
IPhone_Fuerteventura_2025-03-08_07-25-41.jpeg,2025,2025-03-08,07:25:41,28.7316222222222,-13.8599222222222,3.85,Corralejo,,Spain
IPhone_Fuerteventura_2025-03-08_07-26-35.jpeg,2025,2025-03-08,07:26:35,28.7321694444444,-13.8592861111111,2.79,Corralejo Playa,,Spain
IPhone_Fuerteventura_2025-03-08_07-27-13.jpeg,2025,2025-03-08,07:27:13,28.7321277777778,-13.8590777777778,4.97,Corralejo Playa,,Spain
IPhone_Fuerteventura_2025-03-08_07-27-22.jpeg,2025,2025-03-08,07:27:22,28.7320694444444,-13.8587277777778,2.66,Corralejo Playa,,Spain
IPhone_Fuerteventura_2025-03-08_07-27-43.jpeg,2025,2025-03-08,07:27:43,28.7319583333333,-13.8584305555556,2.48,Corralejo Playa,,Spain
IPhone_Fuerteventura_2025-03-08_07-28-58.jpeg,2025,2025-03-08,07:28:58,28.7318444444444,-13.8582388888889,2.35,Corralejo Playa,,Spain
IPhone_Fuerteventura_2025-03-08_07-29-03.jpeg,2025,2025-03-08,07:29:03,28.7318305555556,-13.8582277777778,2.34,Corralejo Playa,,Spain
IPhone_Fuerteventura_2025-03-08_07-29-35.jpeg,2025,2025-03-08,07:29:35,28.7318972222222,-13.8582944444444,2.68,Corralejo Playa,,Spain
IPhone_Fuerteventura_2025-03-08_07-29-39.jpeg,2025,2025-03-08,07:29:39,28.7318666666667,-13.8582527777778,3.25,Corralejo Playa,,Spain
IPhone_Fuerteventura_2025-03-08_07-34-03.jpeg,2025,2025-03-08,07:34:03,28.7316555555556,-13.8593972222222,0.88,Corralejo,,Spain
IPhone_Fuerteventura_2025-03-08_10-18-10.jpeg,2025,2025-03-08,10:18:10,28.7315055555556,-13.8594805555556,2.65,Corralejo,,Spain
IPhone_Fuerteventura_2025-03-08_10-18-17.jpeg,2025,2025-03-08,10:18:17,28.7314388888889,-13.8591916666667,3.63,Corralejo Playa,,Spain
IPhone_Fuerteventura_2025-03-08_10-18-27.jpeg,2025,2025-03-08,10:18:27,28.7313888888889,-13.8589833333333,3.71,Corralejo Playa,,Spain
IPhone_Fuerteventura_2025-03-08_10-18-35.jpeg,2025,2025-03-08,10:18:35,28.7313777777778,-13.8588944444444,3.69,Corralejo Playa,,Spain
IPhone_Fuerteventura_2025-03-08_10-18-41.jpeg,2025,2025-03-08,10:18:41,28.7313777777778,-13.8588944444444,3.69,Corralejo Playa,,Spain
IPhone_Fuerteventura_2025-03-08_10-18-48.jpeg,2025,2025-03-08,10:18:48,28.7315305555556,-13.8594861111111,3.32,Corralejo,,Spain
IPhone_Fuerteventura_2025-03-08_10-18-55.jpeg,2025,2025-03-08,10:18:55,28.7314277777778,-13.8596055555556,8.4,Corralejo,,Spain
IPhone_Fuerteventura_2025-03-08_10-19-05.jpeg,2025,2025-03-08,10:19:05,28.7315361111111,-13.8595111111111,3.32,Corralejo,,Spain
IPhone_Fuerteventura_2025-03-08_10-19-12.jpeg,2025,2025-03-08,10:19:12,28.7315361111111,-13.8595111111111,3.32,Corralejo,,Spain
IPhone_Fuerteventura_2025-03-08_10-43-49.jpeg,2025,2025-03-08,10:43:49,28.7316305555556,-13.8580805555556,2.08,Corralejo Playa,,Spain
IPhone_Fuerteventura_2025-03-08_15-04-13.jpeg,2025,2025-03-08,15:04:13,28.6169861111111,-13.7685361111111,1843.03,,,Spain
IPhone_Fuerteventura_2025-03-08_15-04-16.jpeg,2025,2025-03-08,15:04:16,28.6207361111111,-13.7666305555556,1885.6,,,Spain
IPhone_Fuerteventura_2025-03-08_15-04-23.jpeg,2025,2025-03-08,15:04:23,28.6295138888889,-13.7622194444444,1980.78,,,Spain
IPhone_Fuerteventura_2025-03-08_15-05-22.jpeg,2025,2025-03-08,15:05:22,28.7034777777778,-13.7258,2864.05,,,Spain
IPhone_Fuerteventura_2025-03-08_15-05-24.jpeg,2025,2025-03-08,15:05:24,28.7059777777778,-13.7245638888889,2891.78,,,Spain
